time_stamp,advertising_address,power_level
1697559926.999478,74:a0:83:fb:de:c3,12
1697559927.002496,74:a0:83:fb:de:c3,12
1697559927.002496,71:e7:a8:f6:32:3d,7
1697559927.009724,50:c5:40:32:85:d8,8
1697559927.01074,50:c5:40:32:85:d8,8
1697559927.01074,50:c5:40:32:85:d8,8
1697559927.041179,5f:be:24:61:e2:52,7
1697559927.043696,5f:be:24:61:e2:52,7
1697559927.04649,5f:be:24:61:e2:52,7
1697559927.052008,7f:ee:db:b6:27:b6,12
1697559927.062915,7f:ee:db:b6:27:b6,12
1697559927.065868,7f:ee:db:b6:27:b6,12
1697559927.095963,43:40:9d:b7:43:28,8
1697559927.099425,43:40:9d:b7:43:28,8
1697559927.141361,77:08:c1:87:ac:9a,8
1697559927.149701,65:02:2d:d2:42:00,8
1697559927.149701,65:02:2d:d2:42:00,8
1697559927.157737,65:02:2d:d2:42:00,8
1697559927.159764,7e:5a:6c:04:19:16,7
1697559927.162564,7e:5a:6c:04:19:16,7
1697559927.165964,7e:5a:6c:04:19:16,7
1697559927.175707,6a:b4:99:8f:3c:7b,3
1697559927.21567,80:e1:26:12:25:61,0
1697559927.217964,80:e1:26:12:25:61,0
1697559927.221611,80:e1:26:12:25:61,0
1697559927.235084,5e:47:50:19:51:66,4
1697559927.23628,5e:47:50:19:51:66,4
1697559927.23628,4a:17:d5:d3:2c:31,8
1697559927.287858,72:0a:f0:cf:c8:5c,8
1697559927.291515,72:0a:f0:cf:c8:5c,8
1697559927.295152,72:0a:f0:cf:c8:5c,8
1697559927.308321,4b:21:9f:41:5b:82,12
1697559927.308321,4b:21:9f:41:5b:82,12
1697559927.315119,72:43:e4:91:6c:8d,8
1697559927.316664,72:43:e4:91:6c:8d,8
1697559927.316664,72:43:e4:91:6c:8d,8
1697559927.356217,70:ec:b9:0c:e9:d0,7
1697559927.35757,70:ec:b9:0c:e9:d0,7
1697559927.359025,70:ec:b9:0c:e9:d0,7
1697559927.359025,71:e7:a8:f6:32:3d,7
1697559927.359025,71:e7:a8:f6:32:3d,7
1697559927.364547,71:e7:a8:f6:32:3d,7
1697559927.371692,74:a0:83:fb:de:c3,12
1697559927.371692,74:a0:83:fb:de:c3,12
1697559927.371692,50:c5:40:32:85:d8,8
1697559927.380007,5f:be:24:61:e2:52,7
1697559927.380007,5f:be:24:61:e2:52,7
1697559927.388023,68:a6:c5:bc:71:83,7
1697559927.388023,68:a6:c5:bc:71:83,7
1697559927.395359,43:40:9d:b7:43:28,8
1697559927.396371,43:40:9d:b7:43:28,8
1697559927.400013,43:40:9d:b7:43:28,8
1697559927.416976,80:e1:26:12:25:61,0
1697559927.418578,80:e1:26:12:25:61,0
1697559927.455283,65:02:2d:d2:42:00,8
1697559927.455283,65:02:2d:d2:42:00,8
1697559927.466401,7e:5a:6c:04:19:16,7
1697559927.480186,6a:b4:99:8f:3c:7b,3
1697559927.480186,6a:b4:99:8f:3c:7b,3
1697559927.486201,49:21:ed:b9:34:f7,5
1697559927.486201,6a:7c:a6:91:79:f5,8
1697559927.498158,5e:47:50:19:51:66,4
1697559927.507429,4a:17:d5:d3:2c:31,8
1697559927.511798,4a:17:d5:d3:2c:31,8
1697559927.513427,4a:17:d5:d3:2c:31,8
1697559927.518448,80:e1:26:12:25:61,0
1697559927.528285,80:e1:26:12:25:61,0
1697559927.541846,72:0a:f0:cf:c8:5c,8
1697559927.542895,72:0a:f0:cf:c8:5c,8
1697559927.542895,72:0a:f0:cf:c8:5c,8
1697559927.55956,7f:f4:e4:2c:f6:a4,6
1697559927.561797,7f:f4:e4:2c:f6:a4,6
1697559927.564218,72:43:e4:91:6c:8d,8
1697559927.56586,72:43:e4:91:6c:8d,8
1697559927.582191,7a:56:92:d9:93:ef,7
1697559927.586774,7a:56:92:d9:93:ef,7
1697559927.58968,7a:56:92:d9:93:ef,7
1697559927.601063,70:ec:b9:0c:e9:d0,7
1697559927.622662,74:a0:83:fb:de:c3,12
1697559927.622662,71:e7:a8:f6:32:3d,7
1697559927.622662,71:e7:a8:f6:32:3d,7
1697559927.627098,71:e7:a8:f6:32:3d,7
1697559927.627098,50:c5:40:32:85:d8,8
1697559927.630215,50:c5:40:32:85:d8,8
1697559927.630215,50:c5:40:32:85:d8,8
1697559927.636964,5f:be:24:61:e2:52,7
1697559927.639813,5f:be:24:61:e2:52,7
1697559927.641309,5f:be:24:61:e2:52,7
1697559927.647152,68:a6:c5:bc:71:83,7
1697559927.647152,68:a6:c5:bc:71:83,7
1697559927.65001,68:a6:c5:bc:71:83,7
1697559927.651031,43:40:9d:b7:43:28,8
1697559927.65205,43:40:9d:b7:43:28,8
1697559927.65205,43:40:9d:b7:43:28,8
1697559927.695329,65:02:2d:d2:42:00,8
1697559927.695329,65:02:2d:d2:42:00,8
1697559927.700846,65:02:2d:d2:42:00,8
1697559927.717278,7e:5a:6c:04:19:16,7
1697559927.719617,7e:5a:6c:04:19:16,7
1697559927.735151,49:21:ed:b9:34:f7,5
1697559927.737872,6a:b4:99:8f:3c:7b,3
1697559927.745488,6a:7c:a6:91:79:f5,8
1697559927.749625,5e:47:50:19:51:66,4
1697559927.75088,5e:47:50:19:51:66,4
1697559927.75088,4a:17:d5:d3:2c:31,8
1697559927.754753,5c:cc:3a:bb:44:6a,9
1697559927.756527,7d:25:86:aa:b4:c9,5
1697559927.759156,60:b3:7b:98:1e:06,7
1697559927.767434,80:e1:26:12:25:61,0
1697559927.767434,80:e1:26:12:25:61,0
1697559927.782002,7f:f4:e4:2c:f6:a4,6
1697559927.783023,7f:f4:e4:2c:f6:a4,6
1697559927.798643,72:43:e4:91:6c:8d,8
1697559927.798643,72:43:e4:91:6c:8d,8
1697559927.834363,7a:56:92:d9:93:ef,7
1697559927.839877,7a:56:92:d9:93:ef,7
1697559927.85705,70:ec:b9:0c:e9:d0,7
1697559927.859884,70:ec:b9:0c:e9:d0,7
1697559927.864923,70:ec:b9:0c:e9:d0,7
1697559927.864923,80:e1:26:12:25:61,0
1697559927.864923,80:e1:26:12:25:61,0
1697559927.864923,80:e1:26:12:25:61,0
1697559927.873986,71:e7:a8:f6:32:3d,7
1697559927.873986,71:e7:a8:f6:32:3d,7
1697559927.873986,74:a0:83:fb:de:c3,12
1697559927.881002,74:a0:83:fb:de:c3,12
1697559927.881002,74:a0:83:fb:de:c3,12
1697559927.889022,50:c5:40:32:85:d8,8
1697559927.889022,50:c5:40:32:85:d8,8
1697559927.889022,5f:be:24:61:e2:52,7
1697559927.889022,5f:be:24:61:e2:52,7
1697559927.895999,5f:be:24:61:e2:52,7
1697559927.897518,7f:ee:db:b6:27:b6,12
1697559927.899112,7f:ee:db:b6:27:b6,12
1697559927.900376,7f:ee:db:b6:27:b6,12
1697559927.905315,68:a6:c5:bc:71:83,7
1697559927.905315,68:a6:c5:bc:71:83,7
1697559927.905315,68:a6:c5:bc:71:83,7
1697559927.905315,52:2e:e7:a6:73:4b,7
1697559927.913338,52:2e:e7:a6:73:4b,7
1697559927.913338,52:2e:e7:a6:73:4b,7
1697559927.953965,80:e1:26:12:25:61,0
1697559927.953965,80:e1:26:12:25:61,0
1697559927.953965,80:e1:26:12:25:61,0
1697559927.966372,65:02:2d:d2:42:00,8
1697559927.984244,49:21:ed:b9:34:f7,5
1697559927.986773,6a:b4:99:8f:3c:7b,3
1697559927.986773,6a:b4:99:8f:3c:7b,3
1697559928.005946,5e:47:50:19:51:66,4
1697559928.007393,5e:47:50:19:51:66,4
1697559928.011404,72:0a:f0:cf:c8:5c,8
1697559928.011404,72:0a:f0:cf:c8:5c,8
1697559928.011404,72:0a:f0:cf:c8:5c,8
1697559928.027616,80:e1:26:12:25:61,0
1697559928.027616,80:e1:26:12:25:61,0
1697559928.027616,80:e1:26:12:25:61,0
1697559928.027616,7f:f4:e4:2c:f6:a4,6
1697559928.027616,7f:f4:e4:2c:f6:a4,6
1697559928.035679,7f:f4:e4:2c:f6:a4,6
1697559928.042453,72:43:e4:91:6c:8d,8
1697559928.042453,72:43:e4:91:6c:8d,8
1697559928.043968,72:43:e4:91:6c:8d,8
1697559928.060392,72:22:60:83:08:3b,8
1697559928.07882,5c:cc:3a:bb:44:6a,9
1697559928.084838,5c:cc:3a:bb:44:6a,9
1697559928.101562,71:e7:a8:f6:32:3d,7
1697559928.104022,71:e7:a8:f6:32:3d,7
1697559928.104022,71:e7:a8:f6:32:3d,7
1697559928.111996,74:a0:83:fb:de:c3,12
1697559928.11852,74:a0:83:fb:de:c3,12
1697559928.11852,74:a0:83:fb:de:c3,12
1697559928.150673,7f:ee:db:b6:27:b6,12
1697559928.158703,7f:ee:db:b6:27:b6,12
1697559928.158703,7f:ee:db:b6:27:b6,12
1697559928.163301,5f:be:24:61:e2:52,7
1697559928.168302,5f:be:24:61:e2:52,7
1697559928.168302,5f:be:24:61:e2:52,7
1697559928.191735,52:2e:e7:a6:73:4b,7
1697559928.199768,52:2e:e7:a6:73:4b,7
1697559928.199768,52:2e:e7:a6:73:4b,7
1697559928.216123,43:40:9d:b7:43:28,8
1697559928.216123,43:40:9d:b7:43:28,8
1697559928.222381,43:40:9d:b7:43:28,8
1697559928.312141,65:02:2d:d2:42:00,8
1697559928.314709,65:02:2d:d2:42:00,8
1697559928.318691,65:02:2d:d2:42:00,8
1697559928.334995,7e:5a:6c:04:19:16,7
1697559928.338687,7e:5a:6c:04:19:16,7
1697559928.342726,7e:5a:6c:04:19:16,7
1697559928.363198,49:21:ed:b9:34:f7,5
1697559928.363198,6a:b4:99:8f:3c:7b,3
1697559928.371474,6a:b4:99:8f:3c:7b,3
1697559928.404149,5e:47:50:19:51:66,4
1697559928.471558,72:0a:f0:cf:c8:5c,8
1697559928.480252,72:0a:f0:cf:c8:5c,8
1697559928.480252,72:0a:f0:cf:c8:5c,8
1697559928.480252,5c:cc:3a:bb:44:6a,9
1697559928.494289,4b:21:9f:41:5b:a2,12
1697559928.494289,4b:21:9f:41:5b:82,12
1697559928.501663,4b:21:9f:41:5b:82,12
1697559928.505846,7f:f4:e4:2c:f6:a4,6
1697559928.505846,7f:f4:e4:2c:f6:a4,6
1697559928.510863,7f:f4:e4:2c:f6:a4,6
1697559928.520878,72:43:e4:91:6c:8d,8
1697559928.520878,72:43:e4:91:6c:8d,8
1697559928.520878,72:43:e4:91:6c:8d,8
1697559928.567487,70:ec:b9:0c:e9:d0,7
1697559928.568623,70:ec:b9:0c:e9:d0,7
1697559928.569849,70:ec:b9:0c:e9:d0,7
1697559928.569849,71:e7:a8:f6:32:3d,7
1697559928.571919,71:e7:a8:f6:32:3d,7
1697559928.573186,71:e7:a8:f6:32:3d,7
1697559928.573186,74:a0:83:fb:de:c3,12
1697559928.57498,74:a0:83:fb:de:c3,12
1697559928.575557,74:a0:83:fb:de:c3,12
1697559928.578142,7f:ee:db:b6:27:b6,12
1697559928.594593,68:a6:c5:bc:71:83,7
1697559928.596054,68:a6:c5:bc:71:83,7
1697559928.597324,52:2e:e7:a6:73:4b,7
1697559928.599304,52:2e:e7:a6:73:4b,7
1697559928.599304,52:2e:e7:a6:73:4b,7
1697559928.601499,43:40:9d:b7:43:28,8
1697559928.602682,43:40:9d:b7:43:28,8
1697559928.603859,43:40:9d:b7:43:28,8
1697559928.624246,5c:cc:3a:bb:44:6a,9
1697559928.624246,5c:cc:3a:bb:44:6a,9
1697559928.624246,5c:cc:3a:bb:44:6a,9
1697559928.661527,65:02:2d:d2:42:00,8
1697559928.663979,65:02:2d:d2:42:00,8
1697559928.667756,65:02:2d:d2:42:00,8
1697559928.667756,7e:5a:6c:04:19:16,7
1697559928.671656,7e:5a:6c:04:19:16,7
1697559928.673678,7e:5a:6c:04:19:16,7
1697559928.715934,49:21:ed:b9:34:f7,4
1697559928.771116,4a:17:d5:d3:2c:31,8
1697559928.771116,4a:17:d5:d3:2c:31,8
1697559928.77912,4a:17:d5:d3:2c:31,8
1697559928.803137,72:0a:f0:cf:c8:5c,8
1697559928.803137,72:0a:f0:cf:c8:5c,8
1697559928.811714,72:0a:f0:cf:c8:5c,8
1697559928.85263,7f:f4:e4:2c:f6:a4,6
1697559928.860669,7f:f4:e4:2c:f6:a4,6
1697559928.860669,7f:f4:e4:2c:f6:a4,6
1697559928.897452,72:43:e4:91:6c:8d,8
1697559928.90097,72:43:e4:91:6c:8d,8
1697559928.90097,72:43:e4:91:6c:8d,8
1697559928.938027,7a:56:92:d9:93:ef,7
1697559928.942061,7a:56:92:d9:93:ef,7
1697559928.943582,7a:56:92:d9:93:ef,7
1697559928.97461,4b:59:6d:59:5f:77,7
1697559928.97461,4b:59:6d:59:5f:77,7
1697559928.982635,70:ec:b9:0c:e9:d0,7
1697559928.982635,70:ec:b9:0c:e9:d0,7
1697559928.982635,70:ec:b9:0c:e9:d0,7
1697559928.990639,5c:cc:3a:bb:44:6a,9
1697559928.998778,74:a0:83:fb:de:c3,12
1697559928.998778,74:a0:83:fb:de:c3,12
1697559929.006807,74:a0:83:fb:de:c3,12
1697559929.010131,71:e7:a8:f6:32:3d,7
1697559929.015093,71:e7:a8:f6:32:3d,7
1697559929.015093,71:e7:a8:f6:32:3d,7
1697559929.015093,7f:ee:db:b6:27:b6,12
1697559929.023115,7f:ee:db:b6:27:b6,12
1697559929.023115,7f:ee:db:b6:27:b6,12
1697559929.032886,50:c5:40:32:85:d8,8
1697559929.035858,50:c5:40:32:85:d8,8
1697559929.037746,50:c5:40:32:85:d8,8
1697559929.146531,65:02:2d:d2:42:00,8
1697559929.152603,65:02:2d:d2:42:00,8
1697559929.152603,65:02:2d:d2:42:00,8
1697559929.152603,7e:5a:6c:04:19:16,7
1697559929.16064,7e:5a:6c:04:19:16,7
1697559929.165282,7e:5a:6c:04:19:16,7
1697559929.184927,49:e1:ed:b9:34:f7,5
1697559929.184927,6a:b4:99:8f:3c:7b,3
1697559929.193011,6a:b4:99:8f:3c:7b,3
1697559929.19491,6a:7c:a6:91:79:f5,14
1697559929.19491,6a:7c:a6:91:79:f5,8
1697559929.202686,4a:17:d5:d3:2c:31,8
1697559929.250866,72:0a:f0:cf:c8:5c,8
1697559929.250866,72:0a:f0:cf:c8:5c,8
1697559929.262904,5c:cc:3a:bb:44:6a,9
1697559929.277765,7f:f4:e4:2c:f6:a4,6
1697559929.277765,7f:f4:e4:2c:f6:a4,6
1697559929.285553,7f:f4:e4:2c:f6:a4,6
1697559929.303114,72:43:e4:91:6c:8d,8
1697559929.303114,72:43:e4:91:6c:8d,8
1697559929.351512,72:22:60:83:08:3b,8
1697559929.353359,7a:56:92:d9:93:ef,7
1697559929.360023,7a:56:92:d9:93:ef,7
1697559929.360023,7a:56:92:d9:93:ef,7
1697559929.452246,71:e7:a8:f6:32:3d,7
1697559929.482279,68:a6:c5:bc:71:83,7
1697559929.482279,5f:be:24:61:e2:52,7
1697559929.490321,5f:be:24:61:e2:52,7
1697559929.492265,5f:be:24:61:e2:52,7
1697559929.492265,52:2e:e7:a6:73:4b,7
1697559929.492265,52:2e:e7:a6:73:4b,7
1697559929.498785,52:2e:e7:a6:73:4b,7
1697559929.555642,65:02:2d:d2:42:00,8
1697559929.555642,65:02:2d:d2:42:00,8
1697559929.555642,65:02:2d:d2:42:00,8
1697559929.579721,7e:5a:6c:04:19:16,7
1697559929.579721,7e:5a:6c:04:19:16,7
1697559929.583012,7e:5a:6c:04:19:16,7
1697559929.604756,49:31:ed:b9:34:ef,-123
1697559929.619163,6a:b4:99:8f:3c:7b,3
1697559929.621234,6a:b4:99:8f:3c:7b,3
1697559929.621234,6a:b4:99:8f:3c:7b,3
1697559929.621234,6a:7c:a6:91:79:f5,8
1697559929.633495,4a:17:d5:d3:2c:31,8
1697559929.635871,4a:17:d5:d3:2c:31,8
1697559929.63922,4a:17:d5:d3:2c:31,8
1697559929.652585,72:0a:f0:cf:c8:5c,8
1697559929.660615,72:0a:f0:cf:c8:5c,8
1697559929.660615,72:0a:f0:cf:c8:5c,8
1697559929.717523,4b:21:9f:41:5b:82,12
1697559929.762482,72:43:e4:91:6c:8d,8
1697559929.766502,72:43:e4:91:6c:8d,8
1697559929.768784,72:43:e4:91:6c:8d,8
1697559929.834021,7a:56:92:d9:93:ef,7
1697559929.83732,7a:56:92:d9:93:ef,7
1697559929.839837,7a:56:92:d9:93:ef,7
1697559929.863964,70:ec:b9:0c:e9:d0,7
1697559929.863964,70:ec:b9:0c:e9:d0,7
1697559929.863964,70:ec:b9:0c:e9:d0,7
1697559929.888178,5c:cc:3a:bb:44:6a,9
1697559929.896376,5c:cc:3a:bb:44:6a,9
1697559929.900429,50:c5:40:32:85:d8,8
1697559929.900429,50:c5:40:32:85:d8,8
1697559929.904444,74:a0:83:fb:de:c3,12
1697559929.904444,74:a0:83:fb:de:c3,12
1697559929.920516,4e:c0:7f:3f:39:88,7
1697559929.920516,4e:c0:7f:3f:39:8c,7
1697559929.928533,68:a6:c5:bc:71:83,7
1697559929.928533,68:a6:c5:bc:71:83,7
1697559929.928533,68:a6:c5:bc:71:83,7
1697559929.945557,52:2e:e7:a6:73:4b,7
1697559929.95257,52:2e:e7:a6:73:4b,7
1697559929.95257,52:2e:e7:a6:73:4b,7
1697559929.977085,65:02:2d:d2:42:00,8
1697559929.977085,65:02:2d:d2:42:00,8
1697559929.977085,65:02:2d:d2:42:00,8
1697559929.988501,7e:5a:6c:04:19:16,7
1697559929.988501,7e:5a:6c:04:19:16,7
1697559930.003986,6a:b4:99:8f:3c:7b,3
1697559930.006772,6a:b4:99:8f:3c:7b,3
1697559930.025834,6a:b4:99:8f:3c:7b,3
1697559930.058588,4a:17:d5:d3:2c:31,8
1697559930.058588,4a:17:d5:d3:2c:31,8
1697559930.067114,4a:17:d5:d3:2c:31,8
1697559930.091342,56:46:50:19:51:66,4
1697559930.091342,5e:47:50:19:51:66,4
1697559930.099816,72:0a:f0:cf:c8:5c,8
1697559930.099816,72:0a:f0:cf:c8:5c,8
1697559930.104681,72:0a:f0:cf:c8:5c,8
1697559930.108196,6f:e9:c6:aa:f4:c8,5
1697559930.116222,4b:21:9f:41:5b:82,12
1697559930.120045,4b:21:9f:41:5b:82,12
1697559930.120045,5c:cc:3a:bb:44:6a,9
1697559930.12456,7f:f4:e4:2c:f6:a4,6
1697559930.133015,7f:f4:e4:2c:f6:a4,6
1697559930.152265,72:43:e4:91:6c:8d,8
1697559930.1534,72:43:e4:91:6c:8d,8
1697559930.185919,7a:56:92:d9:93:ef,7
1697559930.190594,7a:56:92:d9:93:ef,7
1697559930.223736,7a:56:92:d9:93:ef,7
1697559930.245392,50:c5:40:32:85:d8,8
1697559930.252995,50:c5:40:32:85:d8,8
1697559930.258761,50:c5:40:32:85:d8,8
1697559930.272272,71:e7:a8:f6:32:3d,7
1697559930.280267,71:e7:a8:f6:32:3d,7
1697559930.280267,71:e7:a8:f6:32:3d,7
1697559930.280267,74:a0:83:fb:de:c3,12
1697559930.280267,74:a0:83:fb:de:c3,12
1697559930.288272,74:a0:83:fb:de:c3,12
1697559930.288272,68:a6:c5:bc:71:83,7
1697559930.288272,68:a6:c5:bc:71:83,7
1697559930.325728,5f:be:24:61:e2:52,7
1697559930.325728,52:2e:e7:a6:73:4b,7
1697559930.330487,52:2e:e7:a6:73:4b,7
1697559930.433796,7f:f4:e4:2c:f6:a4,6
1697559930.441817,7f:f4:e4:2c:f6:a4,6
1697559930.445349,7f:f4:e4:2c:f6:a4,6
1697559930.459122,65:02:2d:d2:42:00,8
1697559930.459122,65:02:2d:d2:42:00,8
1697559930.484829,77:08:c1:87:ac:9a,8
1697559930.498697,6a:b4:99:8f:3c:7b,3
1697559930.498697,6a:b4:99:8f:3c:7b,3
1697559930.518159,4a:17:d5:d3:2c:31,8
1697559930.519892,4a:17:d5:d3:2c:31,8
1697559930.519892,4a:17:d5:d3:2c:31,8
1697559930.555902,4b:21:9f:41:5b:82,12
1697559930.576128,72:43:e4:91:6c:8d,8
1697559930.576128,72:43:e4:91:6c:8d,8
1697559930.579115,72:43:e4:91:6c:8d,8
1697559930.588147,7a:56:92:d9:93:ef,7
1697559930.588147,7a:56:92:d9:93:ef,7
1697559930.597234,7a:56:92:d9:93:ef,7
1697559930.628773,7f:ee:db:b6:27:b6,12
1697559930.658511,50:c5:40:32:85:d8,8
1697559930.662526,50:c5:40:32:85:d8,8
1697559930.662526,50:c5:40:32:85:d8,8
1697559930.662526,71:e7:a8:f6:32:3d,7
1697559930.662526,71:e7:a8:f6:32:3d,7
1697559930.670546,71:e7:a8:f6:32:3d,7
1697559930.685267,5c:cc:3a:bb:44:6a,9
1697559930.686784,68:a6:c5:bc:71:83,7
1697559930.695531,5f:be:24:61:e2:52,7
1697559930.695531,5f:be:24:61:e2:52,7
1697559930.695531,5f:be:24:61:e2:52,7
1697559930.699325,52:2e:e7:a6:73:4b,7
1697559930.699325,52:2e:e7:a6:73:4b,7
1697559930.699325,52:2e:e7:a6:73:4b,7
1697559930.702299,43:40:9d:b7:43:28,8
1697559930.703309,43:40:9d:b7:43:28,8
1697559930.727426,43:40:9d:b7:43:28,8
1697559930.798717,65:02:2d:d2:42:00,8
1697559930.80003,65:02:2d:d2:42:00,8
1697559930.801041,65:02:2d:d2:42:00,8
1697559930.839992,7e:5a:6c:04:19:16,7
1697559930.842005,7e:5a:6c:04:19:16,7
1697559930.846021,7e:5a:6c:04:19:16,7
1697559930.862885,4a:17:d5:d3:2c:31,8
1697559930.862885,4a:17:d5:d3:2c:31,8
1697559930.866919,5e:47:50:19:51:66,4
1697559930.868155,5e:47:50:19:51:66,4
1697559930.868155,5e:47:50:19:51:6e,4
1697559930.883147,6d:29:c6:aa:f4:c8,5
1697559930.910297,5c:cc:3a:bb:44:6a,9
1697559930.915812,4f:c0:6d:b4:66:58,7
1697559930.946319,7a:56:92:d9:93:ef,7
1697559930.948331,7a:56:92:d9:93:ef,7
1697559930.948331,7a:56:92:d9:93:ef,7
1697559930.963966,70:ec:b9:0c:e9:d0,7
1697559930.972351,70:ec:b9:0c:e9:d0,7
1697559930.973583,70:ec:b9:0c:e9:d0,7
1697559930.98867,50:c5:40:32:85:d8,8
1697559930.98867,50:c5:40:32:85:d8,8
1697559930.996685,74:a0:83:fb:de:c3,12
1697559930.996685,74:a0:83:fb:de:c3,12
1697559931.004939,74:a0:83:fb:de:c3,12
1697559931.0065,71:e7:a8:f6:32:3d,7
1697559931.007893,71:e7:a8:f6:32:3d,7
1697559931.007893,71:e7:a8:f6:32:3d,7
1697559931.013407,5f:be:24:61:e2:52,7
1697559931.023839,5f:be:24:61:e2:52,7
1697559931.026654,5f:be:24:61:e2:52,7
1697559931.037688,43:40:9d:b7:43:28,8
1697559931.06963,7f:f4:e4:2c:f6:a4,6
1697559931.071147,7f:f4:e4:2c:f6:a4,6
1697559931.071147,7f:f4:e4:2c:f6:a4,6
1697559931.0764,65:02:2d:d2:42:00,8
1697559931.07946,65:02:2d:d2:42:00,8
1697559931.082222,65:02:2d:d2:42:00,8
1697559931.091657,5c:cc:3a:bb:44:6a,9
1697559931.104342,6a:b4:99:8f:3c:7b,3
1697559931.105355,6a:b4:99:8f:3c:7b,3
1697559931.109663,6a:b4:99:8f:3c:7b,3
1697559931.129328,4a:17:d5:d3:2c:31,8
1697559931.142034,6c:90:bc:a7:23:9f,8
1697559931.146201,72:0a:f0:cf:c8:5c,8
1697559931.146201,72:0a:f0:cf:c8:5c,8
1697559931.153214,6d:29:c6:aa:f4:c8,5
1697559931.153214,4b:21:9f:41:5b:82,12
1697559931.159726,4b:21:9f:41:5b:82,12
1697559931.177555,72:43:e4:91:6c:8d,8
1697559931.177555,72:43:e4:91:6c:8d,8
1697559931.185575,72:43:e4:91:6a:8d,8
1697559931.326223,70:ec:b9:0c:e9:d0,7
1697559931.326223,70:ec:b9:0c:e9:d0,7
1697559931.330391,70:ec:b9:0c:e9:d0,7
1697559931.342936,7f:ee:db:b6:27:b6,12
1697559931.344533,7f:ee:db:b6:27:b6,12
1697559931.346352,7f:ee:db:b6:27:b6,12
1697559931.347862,74:a0:83:fb:de:c3,12
1697559931.347862,74:a0:83:fb:de:c3,12
1697559931.347862,74:a0:83:fb:de:c3,12
1697559931.363955,68:a6:c5:bc:71:83,7
1697559931.371976,68:a6:c5:bc:71:83,7
1697559931.371976,68:a6:c5:bc:71:83,7
1697559931.38433,5c:cc:3a:bb:44:6a,9
1697559931.396734,43:40:9d:b7:43:28,8
1697559931.404758,43:40:9d:b7:43:28,8
1697559931.405808,43:40:9d:b7:43:28,8
1697559931.446387,7f:f4:e4:2c:f6:a4,6
1697559931.446387,7f:f4:e4:2c:f6:a4,6
1697559931.446387,7f:f4:e4:2c:f6:a4,6
1697559931.497728,7e:5a:6c:04:19:16,7
1697559931.497728,7e:5a:6c:04:19:16,7
1697559931.502744,6a:b4:99:8f:3c:7b,3
1697559931.506269,6a:b4:99:8f:3c:7b,3
1697559931.518799,4a:17:d5:d3:2c:31,8
1697559931.518799,4a:17:d5:d3:2c:31,8
1697559931.526917,4a:17:d5:d3:2c:31,8
1697559931.526917,5e:47:50:19:51:66,4
1697559931.526917,5e:47:50:19:51:66,4
1697559931.551649,72:0a:f0:cf:c8:5c,8
1697559931.567984,4b:21:9f:41:5b:82,12
1697559931.576003,4b:21:9f:41:5b:82,12
1697559931.633199,7a:56:92:d9:93:ef,7
1697559931.641217,7a:56:92:d9:93:ef,7
1697559931.641217,7a:56:92:d9:93:ef,7
1697559931.657943,70:ec:b9:0c:e9:d0,7
1697559931.659106,70:ec:b9:0c:e9:d0,7
1697559931.661652,70:ec:b9:0c:e9:d0,7
1697559931.674188,7f:ee:db:b6:27:b6,12
1697559931.674188,7f:ee:db:b6:27:b6,12
1697559931.678377,7f:ee:db:b6:27:b6,12
1697559931.698854,50:c5:40:32:85:d8,8
1697559931.698854,50:c5:40:32:85:d8,8
1697559931.714849,50:c5:40:32:85:d8,8
1697559931.771207,5f:be:24:61:e2:52,7
1697559931.771207,5f:be:24:61:e2:52,7
1697559931.779582,5f:be:24:61:e2:52,7
1697559931.78783,52:2e:e7:a6:73:4b,7
1697559931.78783,52:2e:e7:a6:73:4b,7
1697559931.795849,52:2e:e7:a6:73:4b,7
1697559931.795849,4e:c0:7f:3f:39:8c,7
1697559931.803856,7f:f4:e4:2c:f6:a4,6
1697559931.811844,7f:f4:e4:2c:f6:a4,6
1697559931.81572,7f:f4:e4:2c:f6:a4,6
1697559931.820233,65:02:2d:d2:42:00,8
1697559931.830428,65:02:2d:d2:42:00,8
1697559931.877533,7e:5a:6c:04:19:16,7
1697559931.879561,7e:5a:6c:04:19:16,7
1697559931.885124,7e:5a:6c:04:19:16,7
1697559931.909481,6a:b4:99:8f:3c:7b,3
1697559931.917976,4a:17:d5:d3:2c:31,8
1697559931.950435,72:0a:f0:cf:c8:5c,8
1697559931.950435,72:0a:f0:cf:c8:5c,8
1697559931.950435,72:0a:f0:cf:c8:5c,8
1697559931.974693,4b:21:9f:41:5b:82,12
1697559931.982692,4b:21:9f:41:5b:82,12
1697559931.982692,4b:21:9f:41:5b:82,12
1697559932.002543,72:43:e4:91:6c:8d,8
1697559932.005236,72:43:e4:91:6c:8d,8
1697559932.007248,70:43:e4:91:6c:8d,8
1697559932.031728,7a:56:92:d9:93:ef,7
1697559932.038279,7a:56:92:d9:93:ef,7
1697559932.040042,7a:56:92:d9:93:ef,7
1697559932.040042,72:22:60:83:08:37,-56
1697559932.056717,70:ec:b9:0c:e9:d0,7
1697559932.056717,70:ec:b9:0c:e9:d0,7
1697559932.056717,70:ec:b9:0c:e9:d0,7
1697559932.068231,7f:ee:db:b6:27:b6,12
1697559932.075843,7f:ee:db:b6:27:b6,12
1697559932.075843,7f:ee:db:b6:27:b6,12
1697559932.121906,5f:be:24:61:e2:52,7
1697559932.121906,5f:be:24:61:e2:52,7
1697559932.129906,5f:be:24:61:e2:52,7
1697559932.131832,52:2e:e7:a6:73:4b,7
1697559932.147532,5c:cc:3a:bb:44:6a,9
1697559932.154117,43:40:9d:b7:43:28,8
1697559932.161421,43:40:9d:b7:43:28,8
1697559932.162512,43:40:9d:b7:43:28,8
1697559932.211033,65:02:2d:d2:42:00,8
1697559932.211033,65:02:2d:d2:42:00,8
1697559932.223196,49:21:ed:b9:34:f7,5
1697559932.22771,7e:5a:6c:04:19:16,7
1697559932.235728,7e:5a:6c:04:19:16,7
1697559932.235728,7e:5a:6c:04:19:16,7
1697559932.257288,6a:b4:99:8f:3c:7b,3
1697559932.260302,6a:b4:99:8f:3c:7b,101
1697559932.260302,6a:b4:99:8f:3c:7b,3
1697559932.26832,4a:17:d5:d3:2c:31,8
1697559932.325002,6d:29:c6:aa:f4:c8,5
1697559932.325002,4b:21:9f:41:5b:82,12
1697559932.333025,4b:21:9e:41:5b:82,12
1697559932.333025,4b:21:9f:41:5b:82,12
1697559932.35969,72:43:e4:91:6c:8d,8
1697559932.382542,7a:56:92:d9:93:ef,7
1697559932.387518,7a:56:92:d9:93:ef,7
1697559932.39311,70:ec:b9:0c:e9:d0,7
1697559932.399122,7f:ee:db:b6:27:b6,12
1697559932.399122,7f:ee:db:b6:27:b6,12
1697559932.405529,7f:ee:db:b6:27:b6,12
1697559932.409041,74:a0:83:fb:de:c3,12
1697559932.415736,74:a0:83:fb:de:c3,12
1697559932.415736,74:a0:83:fb:de:c3,12
1697559932.415736,50:c5:40:32:85:d8,8
1697559932.419282,50:c5:40:32:85:d8,8
1697559932.420412,50:c5:40:32:85:d8,8
1697559932.422862,71:e7:a8:f6:32:3d,7
1697559932.423952,71:e7:a8:f6:32:3d,7
1697559932.423952,71:e7:a8:f6:32:3d,7
1697559932.423952,68:a6:c5:bc:71:83,7
1697559932.423952,68:a6:c5:bc:71:83,7
1697559932.430562,68:a6:c5:bc:71:83,7
1697559932.435112,5f:be:24:61:e2:52,7
1697559932.435112,5f:be:24:61:e2:52,7
1697559932.438195,52:2e:e7:a6:73:4b,7
1697559932.438195,52:2e:e7:a6:73:4b,7
1697559932.441138,52:2e:e7:a6:73:4b,7
1697559932.44378,4e:c0:7f:3d:39:8c,7
1697559932.44378,4e:c0:7f:3f:39:8c,7
1697559932.483187,65:02:2d:d2:42:00,8
1697559932.483187,65:02:2d:d2:42:00,8
1697559932.483187,65:02:2d:d2:42:00,8
1697559932.530979,7e:5a:6c:04:19:16,7
1697559932.532793,7e:5a:6c:04:19:16,7
1697559932.536606,7e:5a:6c:04:19:16,7
1697559932.547655,6a:7c:a6:91:79:f5,8
1697559932.555173,6a:7c:a6:91:79:f5,8
1697559932.555173,6a:7c:a6:91:79:f5,10
1697559932.570451,6a:b4:99:8f:3c:7b,3
1697559932.590145,6a:b4:99:8f:3c:7b,3
1697559932.590145,6a:b4:99:8f:3c:7b,3
1697559932.60368,4a:17:d5:d3:2c:31,8
1697559932.60368,4a:17:d5:d3:2c:31,8
1697559932.60368,5c:cc:3a:bb:44:6a,9
1697559932.616709,5e:47:50:19:51:66,4
1697559932.61977,5e:47:50:19:51:66,4
1697559932.676953,4b:21:9f:41:5b:82,12
1697559932.689388,4b:21:9f:41:5b:82,12
1697559932.689388,4b:21:9f:41:5b:82,12
1697559932.711796,72:43:e4:91:6c:8d,8
1697559932.718309,72:43:e4:91:6c:8d,8
1697559932.759296,7a:56:92:d9:93:ef,7
1697559932.759296,7a:56:92:d9:93:ef,7
1697559932.767317,7a:56:92:d9:93:ef,7
1697559932.775812,70:ec:b9:0c:e9:d0,7
1697559932.783832,70:ec:b9:0c:e9:d0,7
1697559932.783832,70:ec:b9:0c:e9:d0,7
1697559932.824477,74:a0:83:fb:de:c3,12
1697559932.829344,71:e7:a8:f6:32:3d,7
1697559932.831215,71:e7:a8:f6:32:3d,7
1697559932.833793,71:e7:a8:f6:32:3d,7
1697559932.858475,68:a6:c5:bc:71:83,7
1697559932.863786,68:a6:c5:bc:71:83,7
1697559932.873315,52:2e:e7:a6:73:4b,7
1697559932.881427,52:2e:e7:a6:73:4b,7
1697559932.886233,52:2e:e7:a6:73:4b,7
1697559932.886233,5f:be:24:61:e2:52,7
1697559932.89198,5f:be:24:61:e2:52,7
1697559932.901481,4e:c0:7f:3f:39:8c,7
1697559932.937953,43:40:9d:b7:43:28,8
1697559932.947986,43:40:9d:b7:43:28,8
1697559932.947986,43:40:9d:b7:43:28,8
1697559932.954002,7f:f4:e4:2c:f6:a4,6
1697559932.954002,7f:f4:e4:2c:f6:a4,6
1697559932.962021,7f:f4:e4:2c:f6:a4,6
1697559932.994684,65:02:2d:d2:42:00,8
1697559933.005005,65:02:2d:d2:42:00,8
1697559933.010219,65:02:2d:d2:42:00,8
1697559933.075865,77:08:c1:87:ac:9a,8
1697559933.08682,5e:47:50:19:51:66,4
1697559933.08682,5e:47:50:19:51:66,4
1697559933.128746,72:0a:f0:cf:c8:5c,8
1697559933.13276,72:0a:f0:cf:c8:5c,8
1697559933.13276,72:0a:f0:cf:c8:5c,8
1697559933.146816,4b:21:9f:41:5b:82,12
1697559933.14885,4b:21:9f:41:5b:82,12
1697559933.14885,4b:21:9f:41:5b:82,12
1697559933.165943,72:43:e4:91:6c:8d,8
1697559933.16774,72:43:e4:91:6c:8d,8
1697559933.254119,4b:59:6d:59:5f:77,7
1697559933.277066,74:a0:83:fb:de:c3,28
1697559933.278625,74:a0:83:fb:de:c3,12
1697559933.281777,71:e7:a8:f6:32:3d,7
1697559933.281777,71:e7:a8:f6:32:3d,7
1697559933.284077,71:e7:a8:f6:32:3d,7
1697559933.286796,50:c5:40:32:85:d8,8
1697559933.286796,50:c5:40:32:85:d8,8
1697559933.294817,50:c5:40:32:85:d8,8
1697559933.34353,68:a6:c5:bc:71:83,7
1697559933.346561,68:a6:c5:bc:71:83,7
1697559933.351603,52:2e:e7:a6:73:4b,7
1697559933.401647,43:40:9d:b7:43:28,8
1697559933.406301,43:40:9d:b7:43:28,8
1697559933.407411,c3:40:9d:b7:43:28,8
1697559933.418808,7f:f4:e4:2c:f6:a4,6
1697559933.424858,65:02:2d:d2:42:00,8
1697559933.42772,65:02:2d:d2:42:00,8
1697559933.42772,65:02:2d:d2:42:00,8
1697559933.449979,4a:17:d5:d3:2c:31,8
1697559933.449979,4a:17:d5:d3:2c:31,8
1697559933.449979,4a:17:d5:d3:2c:31,8
1697559933.466163,5c:cc:3a:bb:44:6a,9
1697559933.466163,5e:47:50:19:51:66,4
1697559933.669689,7a:56:92:d9:93:ef,7
1697559933.726471,7f:ee:db:b6:27:b6,12
1697559933.732401,7f:ee:db:b6:27:b6,12
1697559933.733709,4b:59:6d:59:5f:77,7
1697559933.762014,74:a0:83:fb:de:c3,12
1697559933.768141,74:a0:83:fb:de:c3,12
1697559933.768141,50:c5:40:32:85:d8,8
1697559933.800745,68:a6:c5:bc:71:83,7
1697559933.800745,68:a6:c5:bc:71:83,7
1697559933.833389,52:2e:e7:a6:73:4b,7
1697559933.834495,52:2e:e7:a6:73:4b,7
1697559933.836914,52:2e:e7:a6:73:4b,7
1697559933.898735,5c:cc:3a:bb:44:6a,9
1697559933.900938,43:40:9d:b7:43:28,8
1697559933.900938,65:02:2d:d2:42:00,8
1697559933.900938,65:02:2d:d2:42:00,8
1697559933.900938,65:02:2d:d2:42:00,8
1697559933.973199,77:08:c1:87:ac:9a,8
1697559933.973199,5e:47:50:19:51:66,4
1697559933.990691,72:0a:f0:cf:c8:5c,8
1697559933.992323,72:0a:f0:cf:c8:5c,8
1697559933.994063,72:0a:f0:cf:c8:5c,8
1697559934.029971,72:43:e4:91:6c:8d,8
1697559934.070548,7a:56:92:d9:93:ef,7
1697559934.070548,7a:56:92:d9:93:ef,7
1697559934.078568,7a:56:92:d9:93:ef,7
1697559934.097899,5c:cc:3a:bb:44:6a,9
1697559934.10293,7f:ee:db:b6:27:b6,12
1697559934.10293,7f:ee:db:b6:27:b6,12
1697559934.178987,74:a0:83:fb:de:c3,12
1697559934.201445,74:a0:83:fb:de:c3,12
1697559934.225556,74:a0:83:fb:de:c3,12
1697559934.233575,68:a6:c5:bc:71:83,7
1697559934.241595,68:a6:c5:bc:71:83,7
1697559934.243753,68:a6:c5:bc:71:83,7
1697559934.274154,52:2e:e7:a6:73:4b,7
1697559934.282173,52:2e:e7:a6:73:4b,7
1697559934.287804,52:2e:e7:a6:73:4b,7
1697559934.339176,43:40:9d:b7:43:28,8
1697559934.415413,7f:f4:e4:2c:f6:a4,6
1697559934.421309,7f:f4:e4:2c:f6:a4,6
1697559934.506772,65:02:2d:d2:42:00,8
1697559934.506772,65:02:2d:d2:42:00,8
1697559934.574517,7e:5a:6c:04:19:16,7
1697559934.574517,7e:5a:6c:04:19:16,7
1697559934.574517,7e:5a:6c:04:19:16,7
1697559934.658222,6a:b4:99:8f:3c:7b,3
1697559934.658222,6a:b4:99:8f:3c:7b,3
1697559934.665232,6a:b4:99:8f:3c:7b,3
1697559934.670756,4a:17:d5:d3:2c:31,8
1697559934.794893,5c:cc:3a:bb:44:6a,9
1697559934.794893,5c:cc:3a:bb:44:6a,9
1697559934.835846,72:43:e4:91:6c:8d,8
1697559934.841544,72:43:e4:91:6c:8d,8
1697559934.87656,7a:56:92:d9:93:ef,7
1697559934.87656,7a:56:92:d9:93:ef,7
1697559934.880136,7a:56:92:d9:93:ef,7
1697559934.888282,70:ec:b9:0c:e9:d0,7
1697559934.917169,4b:59:6d:59:5f:77,7
1697559934.96651,50:c5:40:32:85:d8,8
1697559934.983317,68:a6:c5:bc:71:83,7
1697559934.986856,68:a6:c5:bc:71:83,7
1697559934.986856,68:a6:c5:bc:71:83,7
1697559934.99137,74:a0:83:fb:de:c3,12
1697559934.99137,74:a0:83:fb:de:c3,12
1697559934.99137,74:a0:83:fb:de:c3,12
1697559934.999389,52:2e:e7:a6:73:4b,7
1697559935.026016,52:2e:e7:a6:73:4b,7
1697559935.027242,52:2e:e7:a6:73:4b,7
1697559935.072566,5f:be:24:61:e2:52,7
1697559935.072566,5f:be:24:61:e2:52,7
1697559935.080583,5f:be:24:61:e2:52,7
1697559935.170333,43:40:9d:b7:43:28,8
1697559935.170333,43:40:9d:b7:43:28,8
1697559935.170333,43:40:9d:b7:43:28,8
1697559935.181828,7f:f4:e4:2c:f6:a4,6
1697559935.181828,7f:f4:e4:2c:f6:a4,6
1697559935.184697,7f:f4:e4:2c:f6:a4,6
1697559935.237774,6a:b4:99:8f:3c:7b,3
1697559935.24479,6a:b4:99:8f:3c:7b,3
1697559935.24479,6a:b4:99:8f:3c:7b,3
1697559935.249303,4a:17:d5:d3:2c:31,8
1697559935.252814,4a:17:d5:d3:2c:31,8
1697559935.270066,5e:47:50:19:51:66,4
1697559935.30984,72:43:e4:91:6c:8d,8
1697559935.319708,72:43:e4:91:6c:8d,8
1697559935.319708,72:43:e4:91:6c:8d,8
1697559935.32934,7a:56:92:d9:93:ef,7
1697559935.334352,70:ec:b9:0c:e9:d0,7
1697559935.334352,70:ec:b9:0c:e9:d0,7
1697559935.363378,50:c5:40:32:85:d8,8
1697559935.363378,50:c5:40:32:85:d8,8
1697559935.370532,50:c5:40:32:85:d8,8
1697559935.371662,74:a0:83:fb:de:c3,12
1697559935.373123,74:a0:83:fb:de:c3,12
1697559935.375641,74:a0:83:fb:de:c3,12
1697559935.402684,68:a6:c5:bc:71:83,7
1697559935.440907,52:2e:e7:a6:73:4b,7
1697559935.490055,4e:c0:7f:3e:39:8c,7
1697559935.491344,4e:c0:7f:3f:39:8c,7
1697559935.498493,5f:be:24:61:e2:52,7
1697559935.498493,5f:be:24:61:e2:52,7
1697559935.498493,5f:be:24:61:e2:52,7
1697559935.535445,7f:f4:e4:2c:f6:a4,6
1697559935.54145,7f:f4:e4:2c:f6:a4,6
1697559935.549297,65:02:2d:d2:42:00,8
1697559935.605118,49:21:ed:b9:34:f7,5
1697559935.605118,7e:5a:6c:04:19:16,7
1697559935.605118,7e:5a:6c:04:19:16,7
1697559935.609257,7e:5a:6c:04:19:16,7
1697559935.673472,6a:b4:99:8f:3c:7b,3
1697559935.676302,6a:b4:99:8f:3c:7b,3
1697559935.676302,6a:b4:99:8f:3c:7b,3
1697559935.681766,4a:17:d5:d3:2c:31,8
1697559935.682946,4a:17:d5:d3:2c:31,8
1697559935.837408,4b:21:9f:41:5b:82,12
1697559935.849724,4b:21:9f:41:5b:82,12
1697559935.869015,4b:21:9f:41:5b:82,12
1697559935.889833,72:43:e4:91:6c:8d,8
1697559935.891649,72:43:e4:91:6c:8d,8
1697559935.926415,7a:56:92:d9:93:ef,7
1697559935.926415,7a:56:92:d9:93:ef,7
1697559935.926415,7a:56:92:d9:93:ef,7
1697559935.945209,70:ec:b9:0c:e9:d0,7
1697559935.946915,70:ec:b9:0c:e9:d0,7
1697559935.949928,70:ec:b9:0c:e9:d0,7
1697559935.950937,7f:ee:db:b6:27:b6,12
1697559935.958953,7f:ee:db:b6:27:b6,12
1697559935.967272,4a:17:d5:d3:2c:31,8
1697559935.99155,4a:17:d5:d3:2c:31,8
1697559935.99155,4a:17:d5:d3:2c:31,8
1697559936.009162,50:c5:40:32:85:d8,8
1697559936.009162,50:c5:40:32:85:d8,8
1697559936.012465,50:c5:40:32:85:d8,8
1697559936.012465,74:a0:83:fb:de:c3,12
1697559936.012465,74:a0:83:fb:de:c3,12
1697559936.012465,74:a0:83:fb:de:c3,12
1697559936.023097,71:e7:a8:f6:32:3d,7
1697559936.024742,71:e7:a8:f6:32:3d,7
1697559936.024742,71:e7:a8:f6:32:3d,7
1697559936.030921,52:2e:e7:a6:73:4b,7
1697559936.03424,52:2e:e7:a6:73:4b,7
1697559936.03424,52:2e:e7:a6:73:4b,7
1697559936.049275,7f:ee:db:b6:27:b6,12
1697559936.074429,7f:ee:db:b6:27:b6,12
1697559936.106129,7f:ee:db:b6:27:b6,12
1697559936.114127,7f:ee:db:b6:27:b6,12
1697559936.120129,43:40:9d:b7:43:28,8
1697559936.123806,43:40:9d:b7:43:28,8
1697559936.162675,43:40:9d:b7:43:28,8
1697559936.170834,7f:f4:e4:2c:f6:a4,6
1697559936.181638,4a:17:d5:d3:2c:31,8
1697559936.186074,4a:17:d5:d3:2c:31,8
1697559936.186074,4a:17:d5:d3:2c:31,8
1697559936.212293,6a:b4:99:8f:3c:7b,3
1697559936.212293,6a:b4:99:8f:3c:7b,3
1697559936.212293,6a:b4:99:8f:3c:7b,3
1697559936.244729,7f:ee:db:b6:27:b6,12
1697559936.249119,7f:ee:db:b6:27:b6,12
1697559936.250138,7f:ee:db:b6:27:b6,12
1697559936.274197,7f:ee:db:b6:27:b6,12
1697559936.277715,7f:ee:db:b6:27:b6,12
1697559936.285739,7f:ee:db:b6:27:b6,12
1697559936.310562,72:43:e4:91:6c:8d,8
1697559936.375844,70:ec:b9:0c:e9:d0,7
1697559936.380514,70:ec:b9:0c:e9:d0,7
1697559936.394098,7f:ee:db:b6:27:b6,12
1697559936.394098,7f:ee:db:b6:27:b6,12
1697559936.398614,7f:ee:db:b6:27:b6,12
1697559936.498379,50:c5:40:32:85:d8,8
1697559936.498379,50:c5:40:32:85:d8,8
1697559936.502769,50:c5:40:32:85:d8,8
1697559936.509632,74:a0:83:fb:de:c3,12
1697559936.522273,52:2e:e7:a6:73:4b,7
1697559936.522273,52:2e:e7:a6:73:4b,7
1697559936.533878,52:2e:e7:a6:73:4b,7
1697559936.547767,5f:be:24:61:e2:52,7
1697559936.549199,5f:be:24:61:e2:52,7
1697559936.571158,43:40:9d:b7:43:28,8
1697559936.571158,43:40:9d:b7:43:28,8
1697559936.571158,43:40:9d:b7:43:28,8
1697559936.587808,7f:f4:e4:2c:f6:a4,6
1697559936.595828,7f:f4:e4:2c:f6:a4,6
1697559936.595828,7f:f4:e4:2c:f6:a4,6
1697559936.635885,65:02:2d:d2:42:00,8
1697559936.638941,65:02:2d:d2:42:00,8
1697559936.651985,65:02:2d:d2:42:00,8
1697559936.684438,7e:5a:6c:04:19:16,7
1697559936.709994,6a:b4:99:8f:3c:7b,3
1697559936.716799,6a:b4:99:8f:3c:7b,3
1697559936.716799,6a:b4:99:8f:3c:7b,3
1697559936.774244,64:eb:39:3e:8b:13,8
1697559936.782264,64:eb:39:3e:8b:13,8
1697559936.782264,64:eb:39:3e:8b:13,8
1697559936.790533,72:43:e4:91:6c:8d,8
1697559936.814692,7a:56:92:d9:93:ef,7
1697559936.826295,7a:56:92:d9:93:ef,7
1697559936.826295,7a:56:92:d9:93:ef,7
1697559936.831907,70:ec:b9:0c:e9:d0,7
1697559936.845392,70:ec:b9:0c:e9:d0,7
1697559936.847406,70:ec:b9:0c:e9:d0,7
1697559936.880176,64:eb:39:3e:8b:13,8
1697559936.880176,64:eb:39:3e:8b:13,8
1697559936.880176,50:c5:40:32:85:d8,8
1697559936.891017,50:c5:40:32:85:d8,8
1697559936.892308,50:c5:40:32:85:d8,8
1697559936.908492,68:a6:c5:bc:71:83,7
1697559936.913011,68:a6:c5:bc:71:83,7
1697559936.913011,68:a6:c5:bc:71:83,7
1697559936.96184,71:e7:a8:f6:32:3d,7
1697559936.96184,71:e7:a8:f6:32:3d,7
1697559936.96184,71:e7:a8:f6:32:3d,7
1697559936.978093,52:2e:e7:a6:73:4b,7
1697559936.980579,52:2e:e7:a6:73:4b,7
1697559936.983524,52:2e:e7:a6:73:4b,7
1697559937.051501,50:c5:40:32:85:d8,8
1697564232.026347,50:c5:40:32:85:d8,8
1697564232.035976,64:eb:39:3e:8b:13,8
1697564232.036616,64:eb:39:3e:8b:13,8
1697564232.037625,64:eb:39:3e:8b:13,8
1697564232.072958,7e:5a:6c:04:19:16,7
1697564232.093571,4a:17:d5:d3:2c:31,8
1697564232.105932,6a:7c:a6:91:79:f5,8
1697564232.131842,43:40:9d:b7:43:28,8
1697564232.132482,43:40:9d:b7:43:28,8
1697564232.141556,64:58:01:ac:5b:21,12
1697564232.142196,64:58:01:ac:5b:21,12
1697564232.142836,64:58:01:ac:5b:21,12
1697564232.168715,5c:cc:3a:bb:44:6a,9
1697564232.169494,5c:cc:3a:bb:44:6a,9
1697564232.172953,4b:21:9f:41:5b:82,12
1697564232.233668,74:a0:83:fb:de:c3,12
1697564232.234685,74:a0:83:fb:de:c3,-116
1697564232.235493,74:a0:83:fb:de:c3,12
1697564232.248781,70:ec:b9:0c:e9:d0,7
1697564232.273422,52:2e:e7:a6:73:4b,7
1697564232.305709,50:c5:40:32:85:d8,8
1697564232.306357,50:c5:40:32:85:d8,8
1697564232.314487,64:eb:39:3e:8b:13,8
1697564232.315127,64:eb:39:3e:8b:13,8
1697564232.318425,68:a6:c5:bc:71:82,7
1697564232.339679,6a:b4:99:8f:3c:7b,3
1697564232.340688,6a:b4:99:8f:3c:7b,3
1697564232.356141,5c:cc:3a:bb:44:6a,9
1697564232.35692,5c:cc:3a:bb:44:6a,9
1697564232.357699,5c:cc:3a:bb:44:6a,9
1697564232.365425,4a:17:d5:d3:2c:31,8
1697564232.38116,5e:47:50:19:51:66,4
1697564232.3818,5e:43:50:19:51:06,4
1697564232.417811,64:58:01:ac:5b:21,12
1697564232.418451,64:58:01:ac:5b:21,12
1697564232.419461,64:58:01:ac:5b:21,12
1697564232.445525,4b:21:9f:41:5b:82,12
1697564232.491998,72:0a:f0:cf:c8:5c,8
1697564232.54497,71:e7:a8:f6:32:3d,7
1697564232.545619,79:e7:a8:f6:32:3d,39
1697564232.545979,5c:cc:3a:bb:44:6a,9
1697564232.54712,5c:cc:3a:bb:44:6a,9
1697564232.55039,52:2e:e7:a6:73:4b,7
1697564232.551038,52:2e:e7:a6:73:4b,7
1697564232.579467,50:c5:40:32:85:d8,8
1697564232.580115,50:c5:40:32:85:d8,8
1697564232.589492,64:eb:39:3e:8b:13,8
1697564232.590132,64:eb:39:3e:8b:13,8
1697564232.61559,7e:5a:6c:04:19:16,7
1697564232.619586,6a:b4:99:8f:3c:7b,3
1697564232.620595,6a:b8:99:8f:3c:7b,3
1697564232.621234,6a:b4:99:8f:3c:7b,3
1697564232.644545,4a:17:d5:d3:2c:31,8
1697564232.663486,7f:ed:47:9b:e4:3d,7
1697564232.684115,43:40:9d:b7:43:28,8
1697564232.691574,64:58:01:ac:5b:21,12
1697564232.709663,50:c5:40:32:85:d8,8
1697564232.710622,50:c5:40:32:85:d8,8
1697564232.735876,5c:cc:3a:bb:44:6a,9
1697564232.763254,72:0a:f0:cf:c8:5d,8
1697564232.79006,74:a0:83:fb:de:c3,12
1697564232.791077,74:a0:83:fb:de:c3,12
1697564232.803915,70:ec:b9:0c:e9:d0,7
1697564232.816701,71:e7:a8:f6:32:3d,7
1697564232.860984,64:eb:39:3e:8b:13,8
1697564232.861624,64:eb:39:3e:8b:13,8
1697564232.862264,64:eb:39:3e:8b:13,8
1697564232.895058,7e:5a:6c:04:19:16,7
1697564232.897,6a:b4:99:8f:3c:7b,3
1697564232.89764,6a:b4:99:8f:3c:7b,3
1697564232.89828,6a:b4:99:8f:3c:7b,3
1697564232.921031,4a:17:d5:d3:2c:31,8
1697564232.921679,4a:17:d5:d3:2c:31,8
1697564232.935348,7f:ed:47:9b:e4:3d,7
1697564232.935988,7f:ed:47:9b:e4:3d,7
1697564232.936628,7f:ed:47:9b:ec:3d,7
1697564232.964078,64:58:01:ac:5b:21,12
1697564232.964718,64:58:01:ac:5b:21,12
1697564232.965727,64:58:01:ac:5b:21,12
1697564232.985687,50:c5:40:32:85:d8,8
1697564233.037007,72:4a:f0:cf:c8:5c,8
1697564233.064328,7a:56:92:d9:93:ef,7
1697564233.064976,7a:56:92:d9:93:ef,7
1697564233.065994,7a:56:92:d9:93:ef,7
1697564233.067628,74:a0:83:fb:de:c3,12
1697564233.068276,74:a0:83:fb:de:c3,12
1697564233.069293,74:a0:83:fb:de:c3,12
1697564233.091771,71:e7:a8:f6:32:3d,7
1697564233.107709,52:2e:e7:a6:73:4b,7
1697564233.108799,5c:cc:3a:bb:44:6a,9
1697564233.134145,7f:f4:e4:2c:f6:a4,6
1697564233.135778,7f:f4:e4:2c:f6:a4,6
1697564233.140987,64:eb:39:3e:8b:13,8
1697564233.141627,64:eb:39:3e:8b:13,8
1697564233.142636,64:eb:39:3e:8b:13,8
1697564233.166994,7e:5a:6c:04:19:16,7
1697564233.167642,7e:5a:6c:04:19:16,7
1697564233.17396,6a:b4:99:8f:3c:7b,3
1697564233.196681,4a:17:d5:d3:2c:31,8
1697564233.214102,7f:ed:47:9b:e4:3d,7
1697564233.214742,7f:ed:47:9b:e4:3d,7
1697564233.233118,43:40:9d:b7:43:28,8
1697564233.233758,43:40:9d:b7:43:28,8
1697564233.24033,64:58:01:ac:5b:21,12
1697564233.24097,64:58:01:ac:5b:21,12
1697564233.24161,64:58:01:ac:5b:21,12
1697564233.259031,50:c5:40:32:85:d8,8
1697564233.259679,50:c5:40:32:85:d8,8
1697564233.260327,50:c5:40:32:85:d8,8
1697564233.271739,4b:21:9f:41:5b:82,12
1697564233.272379,4b:21:9c:41:5b:82,12
1697564233.297099,5c:cc:3a:bb:44:6a,9
1697564233.317643,72:0a:f0:cf:c8:5c,8
1697564233.318275,72:0a:f0:cf:c8:5c,8
1697564233.335649,7a:56:92:d9:93:ef,7
1697564233.336945,7a:56:92:d9:93:ef,7
1697564233.343938,74:a0:83:fb:de:c3,12
1697564233.363935,71:e7:a8:f6:32:3d,7
1697564233.364583,71:e7:a8:f6:32:3d,7
1697564233.365553,71:e7:a8:f6:32:3d,7
1697564233.38308,52:2e:e7:a6:73:4b,7
1697564233.383728,52:2e:e7:a6:73:4b,7
1697564233.411722,7f:f4:e4:2c:f6:a4,6
1697564233.412241,64:eb:39:3e:8b:13,8
1697564233.412881,64:eb:39:3e:8b:13,8
1697564233.413521,64:eb:39:3e:8b:13,8
1697564233.447062,7e:5a:6c:04:19:16,7
1697564233.448358,7e:5a:6c:04:19:16,-57
1697564233.449474,6a:b4:99:8f:3c:7b,3
1697564233.450114,6a:b4:99:8f:3c:7b,3
1697564233.509406,43:40:9d:b1:43:28,8
1697564233.516584,64:58:01:ac:5b:21,12
1697564233.517224,64:58:01:ac:5b:21,12
1697564233.517864,64:58:01:ac:5b:21,12
1697564233.530938,50:c5:40:32:85:d8,8
1697564233.531586,50:c5:40:32:85:d8,8
1697564233.590148,72:0a:f0:cf:c8:5c,8
1697564233.591148,72:0a:f0:cf:c8:5c,8
1697564233.615719,7a:56:92:d9:93:ef,7
1697564233.616368,7a:56:92:d9:93:ef,7
1697564233.617016,7a:56:92:d9:93:ef,7
1697564233.62275,74:a0:83:fb:de:c3,12
1697564233.686153,7f:f4:e4:2c:f6:a4,6
1697564233.692012,68:a6:c5:bc:71:83,4
1697564233.710238,7f:ee:db:b6:27:b6,12
1697564233.724396,6a:b4:99:8f:3c:7b,3
1697564233.725036,6a:b4:99:8f:3c:7b,3
1697564233.725676,6a:b4:99:8f:3c:7b,3
1697564233.750805,4a:17:d5:d3:2c:31,8
1697564233.751453,4a:17:d5:d3:2c:31,8
1697564233.762712,3e:47:50:79:51:66,4
1697564233.76372,5e:47:50:19:51:66,4
1697564233.764359,5e:4b:50:19:59:66,3
1697564233.783134,43:40:9d:b7:43:28,8
1697564233.784143,43:40:9d:b7:43:28,8
1697564233.784783,43:40:9d:b7:43:28,8
1697564233.789084,64:58:01:ac:5b:21,12
1697564233.789724,64:58:01:ac:5b:21,12
1697564233.790364,64:58:01:ac:5b:21,12
1697564233.801318,50:c5:40:32:85:d8,8
1697564233.801966,50:c5:40:32:85:d8,8
1697564233.831148,4b:21:9f:41:5b:82,12
1697564233.860773,72:0a:f0:cf:c8:5c,8
1697564233.861774,72:0a:f0:cf:c8:5c,8
1697564233.862406,72:0a:f0:c7:c8:5c,8
1697564233.88704,7a:56:92:d9:93:ef,7
1697564233.887689,7a:56:92:d9:93:ef,7
1697564233.888337,7a:56:92:d9:93:ef,7
1697564233.901607,74:a0:83:fb:de:c3,12
1697564233.945912,52:2e:e7:a6:73:4b,7
1697564233.94656,52:2e:e7:a6:73:4b,7
1697564233.959332,7f:f4:e4:2c:f6:a4,6
1697564233.959964,7f:f4:e4:2c:f6:a4,6
1697564233.96167,68:a6:c5:bc:71:83,7
1697564233.965388,64:eb:39:3e:8b:13,8
1697564233.966028,64:eb:39:3e:8b:13,8
1697564233.99844,6b:b4:99:8f:3c:7b,3
1697564233.99908,6a:b4:99:8f:3c:7b,3
1697564234.022336,5a:17:d5:c3:2c:31,8
1697564234.041556,5e:47:56:19:51:66,4
1697564234.043436,5c:cc:3a:bb:44:6a,9
1697564234.05814,43:40:9d:b7:43:28,8
1697564234.05878,43:40:9d:b7:43:28,8
1697564234.063479,64:58:01:ac:5b:21,12
1697564234.064119,64:58:01:ac:5b:21,12
1697564234.075309,50:c5:40:32:85:d8,8
1697564234.075957,50:c5:40:32:85:d8,8
1697564234.076605,50:c5:40:32:85:d8,8
1697564234.175372,74:a0:83:fb:de:c3,12
1697564234.17602,74:a0:83:fb:de:c3,12
1697564234.184808,71:e7:a8:f6:32:3d,7
1697564234.185457,71:e7:a8:f6:32:3d,7
1697564234.186105,71:e7:a8:f6:32:3d,7
1697564234.215328,52:2e:e7:a6:73:4b,7
1697564234.215976,52:2e:e7:a6:73:4b,7
1697564234.216624,52:2e:e7:a6:73:4b,7
1697564234.229394,7f:f4:e4:2c:f6:a4,6
1697564234.230515,5c:cc:3a:bb:44:6a,9
1697564234.239143,64:eb:39:3e:8b:13,8
1697564234.239783,64:eb:39:3e:8b:13,8
1697564234.241773,68:a6:c5:bc:71:83,7
1697564234.275858,6a:b4:99:8f:3c:7b,3
1697564234.276498,6a:b4:99:8f:3c:7b,3
1697564234.277138,6a:b4:99:8f:3c:7b,3
1697564234.296043,4a:17:d5:d3:2c:31,8
1697564234.296691,4a:17:d5:d3:2c:31,8
1697564234.297339,46:17:d5:a5:2c:35,104
1697564234.320387,7f:ed:47:9b:e4:3d,7
1697564234.328787,43:40:9d:b7:43:28,8
1697564234.337839,64:58:01:ac:5b:21,12
1697564234.355321,50:c5:40:32:85:d8,8
1697564234.355969,50:c5:40:32:85:d8,8
1697564234.356617,50:c5:40:32:85:d8,8
1697564234.413284,72:0a:f0:cf:c8:5c,8
1697564234.413916,72:0a:f0:cf:c8:5c,8
1697564234.414548,72:0a:f0:cf:c8:5c,8
1697564234.433435,7a:56:92:d9:93:ef,7
1697564234.434452,7a:56:92:d9:93:ef,7
1697564234.4351,7a:56:92:d9:93:ef,7
1697564234.455679,70:ec:b9:0c:e9:d0,7
1697564234.50446,7f:f4:e4:2c:f6:a4,6
1697564234.505092,7f:f4:e4:2c:f6:c4,6
1697564234.510396,64:eb:39:3e:8b:13,8
1697564234.511036,64:eb:39:3e:8b:13,8
1697564234.51916,68:a6:c5:bc:71:83,7
1697564234.521193,68:a6:c5:bc:71:83,7
1697564234.524224,7f:ee:db:b6:27:b6,13
1697564234.547322,7e:5a:6c:04:19:16,7
1697564234.547971,7e:5a:6c:04:19:16,7
1697564234.550925,6a:b4:99:8f:3c:7b,3
1697564234.551934,6a:b4:99:8f:3c:7b,3
1697564234.570445,4a:17:d5:d3:2c:31,8
1697564234.592859,7f:ed:47:9b:e4:3d,7
1697564234.593869,7f:ed:47:9b:e4:3d,7
1697564234.599403,43:40:9d:b7:43:28,8
1697564234.610346,64:58:01:ac:5b:21,12
1697564234.611355,64:58:01:ac:5b:21,12
1697564234.611995,64:58:01:ac:5b:21,12
1697564234.62908,50:c5:40:32:85:d8,8
1697564234.688288,72:0a:f0:cf:c8:5c,8
1697564234.68892,72:0a:f0:cf:c8:5c,8
1697564234.727999,74:a0:83:fb:de:c3,12
1697564234.728647,74:a0:83:fb:de:c3,12
1697564234.729295,74:a0:83:fb:de:c3,12
1697564234.734941,71:e7:a8:f6:32:3d,7
1697564234.771761,52:2e:e7:a6:73:4b,7
1697564234.774522,7f:f4:e4:2c:f6:a4,6
1697564234.775154,7f:f4:e4:2c:96:a4,6
1697564234.7854,64:eb:39:3e:8b:13,8
1697564234.78604,64:eb:39:3e:8b:13,8
1697564234.793422,5c:cc:3a:bb:44:6a,9
1697564234.794868,7f:ee:db:b6:27:b6,12
1697564234.825538,7e:5a:2c:04:19:16,7
1697564234.830844,6a:b4:99:8f:3c:7b,3
1697564234.831791,6a:b4:99:8f:3c:7b,3
1697564234.832431,6a:b4:99:8f:3c:7b,3
1697564234.839797,4a:17:d5:d3:2c:31,8
1697564234.840598,4a:17:d5:d3:2c:31,8
1697564234.871604,7f:ed:47:9b:e4:3d,7
1697564234.872244,7f:ed:47:9b:e4:3d,7
1697564234.872884,ff:ed:47:9b:e4:3d,7
1697564234.878802,43:40:9d:b7:43:28,8
1697564234.881602,64:58:01:ac:5b:21,12
1697564234.882242,64:58:01:ac:5b:21,12
1697564234.882882,64:58:01:ac:5b:21,12
1697564234.904089,50:c5:40:32:85:d8,8
1697564234.904737,50:c5:40:32:85:d8,8
1697564234.905385,50:c5:40:32:85:d8,8
1697564234.963308,7a:0a:f0:cf:c8:5c,8
1697564234.979263,5c:cc:3a:bb:44:6a,9
1697564234.982979,7a:56:92:d9:93:ef,7
1697564234.983627,7a:56:92:d9:93:ef,7
1697564234.99956,70:ec:b9:0c:e9:d0,7
1697564235.000208,70:ec:b9:0c:e9:d0,7
1697564235.000857,70:ec:b9:0c:e9:d0,7
1697564235.013606,71:e7:a8:f6:32:3d,7
1697564235.014254,71:e7:a8:f6:32:3d,7
1697564235.014902,71:e7:a8:f6:32:3d,7
1697564235.046789,52:2e:e7:a6:73:4b,7
1697564235.047437,52:2e:e7:a6:73:4b,7
1697564235.048085,52:2e:e7:a6:73:4b,7
1697564235.063514,64:eb:39:3e:8b:13,8
1697564235.064154,64:eb:39:3e:8b:13,8
1697564235.064794,64:eb:39:3e:8b:13,8
1697564235.069303,68:a6:c5:bc:71:83,7
1697564235.102807,6a:b4:99:8c:3c:7b,3
1697564235.109802,4a:17:d5:d3:2c:31,8
1697564235.11045,4a:17:d5:d3:2c:31,8
1697564235.159114,64:58:01:ac:5b:21,12
1697564235.159754,64:58:01:ac:5b:21,12
1697564235.160763,64:58:01:ac:5b:21,12
1697564235.162689,43:40:9d:b7:43:28,8
1697564235.163329,43:40:9d:b7:43:28,8
1697564235.166456,5c:cc:3a:bb:44:6a,9
1697564235.184101,50:c5:40:32:85:d8,8
1697564235.184749,50:c5:40:32:85:d8,8
1697564235.185766,50:c5:40:32:85:d8,8
1697564235.23455,72:4a:f0:cf:c8:5c,8
1697564235.235182,72:0a:f0:cf:c8:5c,8
1697564235.236183,72:0a:f4:cf:c8:58,8
1697564235.272775,70:ec:b9:0c:e9:d0,7
1697564235.273423,70:ec:b9:0c:e9:d0,7
1697564235.280632,74:a0:83:fb:de:c3,12
1697564235.28128,74:a0:83:fb:de:c3,12
1697564235.282297,74:a0:83:fb:de:c3,12
1697564235.288556,71:e7:a8:f6:32:3d,7
1697564235.289205,71:e7:a8:f6:32:3d,7
1697564235.319361,52:2e:e7:a6:73:4b,7
1697564235.320009,52:2e:e7:a6:73:4b,7
1697564235.321026,52:2e:e7:a6:73:4b,7
1697564235.34562,68:a6:c5:bc:71:83,7
1697564235.347285,68:a6:c5:bc:71:83,7
1697564235.372234,6a:b4:99:8f:3c:7b,3
1697564235.372874,6a:b4:99:8f:3c:7b,3
1697564235.381316,7e:5a:6c:04:19:16,7
1697564235.391701,4a:17:d5:d3:2c:31,8
1697564235.42035,7f:ed:47:9b:e4:3d,7
1697564235.42099,7f:ed:47:9b:e4:3d,7
1697564235.42163,7f:ed:47:9b:e4:3d,7
1697564235.437903,64:58:01:ac:5b:21,12
1697564235.531867,7a:56:92:d9:93:ef,7
1697564235.532883,7a:56:92:d9:93:ef,7
1697564235.541146,5c:cc:3a:bb:44:6a,9
1697564235.541923,5c:cc:3a:bb:44:6a,9
1697564235.542702,5c:cc:3a:bb:44:6a,9
1697564235.551991,74:a0:83:fb:de:c3,12
1697564235.596092,52:2e:e7:a6:73:4b,7
1697564235.60255,7f:e5:64:2c:f6:a4,6
1697564235.60355,7f:f4:e4:2c:f6:a4,6
1697564235.617909,64:eb:39:3e:8b:13,8
1697564235.618549,64:eb:39:3e:8b:13,8
1697564235.662302,4a:17:d5:d3:2c:31,8
1697564235.66295,4a:17:d5:d3:2c:31,8
1697564235.696601,7f:ed:47:9b:e4:3d,7
1697564235.697241,7f:ed:47:9b:e4:3d,7
1697564235.707911,64:58:01:ac:5b:21,12
1697564235.720208,43:40:9d:b7:43:28,8
1697564235.720848,43:40:9d:b7:43:28,8
1697564235.721487,43:40:9d:b7:43:28,8
1697564235.731103,5c:cc:3a:bb:44:6a,9
1697564235.739121,50:c5:40:32:85:d8,8
1697564235.73977,50:c5:40:32:85:d8,8
1697564235.740787,50:c5:40:32:85:d8,8
1697564235.808045,7a:56:92:d9:93:ef,7
1697564235.808693,7a:56:92:d9:93:ef,7
1697564235.821402,74:a0:83:fb:de:c3,12
1697564235.822051,74:a0:83:fb:de:c3,12
1697564235.841186,71:e7:a8:f6:32:3d,7
1697564235.841834,71:e7:a8:f6:32:3d,7
1697564235.874496,52:2e:e7:a6:73:4b,7
1697564235.881978,7f:f4:e4:2c:f6:e4,6
1697564235.88261,7f:f4:c4:2c:f6:a4,6
1697564235.889507,68:a6:c5:bc:71:83,7
1697564235.894772,64:eb:39:3e:8b:13,8
1697564235.895411,64:eb:39:3e:8b:13,8
1697564235.896051,64:eb:39:3e:8b:13,8
1697564235.920933,5c:cc:3a:bb:44:6a,9
1697564235.925769,6a:b4:99:8f:3c:7b,3
1697564235.926409,6a:a4:99:8f:3e:7b,3
1697564235.967848,7f:ed:47:9b:e4:3d,7
1697564235.968488,7f:ed:47:9b:e4:3d,7
1697564235.969128,7f:ed:47:9b:e4:7d,7
1697564235.98728,64:58:01:ac:5b:21,12
1697564235.98792,64:58:01:ac:5b:21,12
1697564236.000213,43:40:9d:b7:43:28,8
1697564236.000853,43:40:9d:b7:43:28,8
1697564236.001492,43:40:9d:b7:43:28,8
1697564236.01288,50:c5:40:32:85:d8,8
1697564236.013528,50:c5:40:32:85:d8,8
1697564236.014176,50:c5:40:32:85:d8,8
1697564236.078571,7a:56:92:d9:93:ef,7
1697564236.079219,7a:56:92:d9:93:ef,7
1697564236.079867,7a:56:92:d9:93:ef,7
1697564236.097337,70:ec:b9:0c:e9:d0,7
1697564236.097985,70:ec:b9:0c:e9:d0,7
1697564236.098633,70:ec:b9:0c:e9:d0,7
1697564236.100817,74:a0:83:fb:de:c3,12
1697564236.101465,74:a0:83:fb:de:c3,12
1697564236.102113,74:a0:83:fb:de:c3,12
1697564236.113753,71:e7:a8:f6:32:3d,7
1697564236.115049,71:e7:a8:f6:32:3d,7
1697564236.152065,52:2e:e7:a6:73:4b,7
1697564236.152714,52:2e:e7:a6:73:4b,7
1697564236.15373,52:2e:e7:a6:73:4b,7
1697564236.155436,7f:ee:5b:b6:26:76,12
1697564236.156076,7f:ee:db:b6:27:b6,12
1697564236.156716,bf:ee:db:b6:27:b6,12
1697564236.164776,64:eb:39:3e:8b:13,8
1697564236.165416,64:eb:39:3e:8b:13,8
1697564236.166056,64:eb:39:3e:8b:13,8
1697564236.211052,4a:17:d5:d3:2c:31,8
1697564236.2117,4a:17:d5:d3:2c:31,8
1697564236.216263,6a:7c:a6:91:79:f5,8
1697564236.247874,7f:ed:47:9b:e4:3d,7
1697564236.265399,64:58:01:ac:5b:21,12
1697564236.266039,64:58:01:ac:5b:21,12
1697564236.266679,64:58:01:ac:5b:21,12
1697564236.275218,43:40:9d:b7:43:28,8
1697564236.275858,43:40:9d:b7:43:28,8
1697564236.276498,43:40:9d:b7:43:28,8
1697564236.297306,5c:cc:3a:bb:44:6a,9
1697564236.298084,5c:cc:3a:bb:44:6a,9
1697564236.298863,5c:cc:3a:bb:44:6a,9
1697564236.342923,72:0a:f0:cf:c8:5c,8
1697564236.343555,72:0e:f0:cf:c8:5c,8
1697564236.357393,7a:56:92:d9:93:ef,7
1697564236.358041,7a:56:92:d9:93:ef,7
1697564236.358689,7a:56:92:d9:93:ef,7
1697564236.371154,70:ec:b9:0c:e9:d0,7
1697564236.371802,70:ec:b9:0c:e9:d0,7
1697564236.37245,70:ec:b9:0c:e9:d0,7
1697564236.380879,74:a0:83:fb:de:c3,12
1697564236.381527,74:a0:83:fb:de:c3,14
1697564236.382175,74:a0:83:fb:de:c3,12
1697564236.414495,4e:c0:7f:3f:39:8c,7
1697564236.426304,52:2e:e7:a6:73:4b,7
1697564236.430857,7f:f4:e4:2c:f6:a4,6
1697564236.43731,64:eb:39:3e:8b:13,8
1697564236.446175,68:a6:c5:bc:71:83,7
1697564236.475171,6a:b4:81:8f:3c:7b,3
1697564236.482786,7e:5a:6c:04:09:16,7
1697564236.483434,7e:5a:6c:04:19:16,7
1697564236.486054,4a:17:d5:d3:2c:31,8
1697564236.486702,4a:17:d5:d3:2c:31,8
1697564236.516591,7f:ed:47:9b:e4:3d,7
1697564236.517231,7f:ed:47:9b:e4:3d,7
1697564236.541045,64:58:01:ac:5b:21,12
1697564236.541685,64:58:01:ac:5b:21,12
1697564236.545227,43:40:9d:b7:43:28,8
1697564236.545867,43:40:9d:b7:43:28,8
1697564236.546507,43:40:9d:b7:43:28,8
1697564236.567296,50:c5:40:32:85:d8,8
1697564236.567944,50:c5:40:32:85:d8,8
1697564236.619568,72:0a:f0:cf:c8:5c,8
1697564236.6202,72:0a:f0:cf:c8:5c,8
1697564236.643629,7a:56:92:d9:93:ef,7
1697564236.647473,70:ec:b9:0c:e9:d0,7
1697564236.64849,70:ec:b9:0c:e9:d0,7
1697564236.649138,70:ec:b9:0c:e9:d0,7
1697564236.669987,71:e7:a8:f6:32:3d,7
1697564236.700429,7f:ae:db:b6:27:b6,10
1697564236.701179,7f:ee:db:b5:27:b6,28
1697564236.702256,52:2e:e7:a6:73:4b,7
1697564236.712283,64:eb:39:3e:8b:13,8
1697564236.713032,64:eb:39:3e:8b:13,8
1697564236.719422,68:a6:c5:bc:71:83,7
1697564236.759575,4a:17:d5:d3:2c:31,8
1697564236.763885,6a:4c:a6:91:69:f5,8
1697564236.79159,7f:ed:47:9b:e4:3d,7
1697564236.792599,7f:ed:47:9b:e4:3d,7
1697564236.793239,7f:ed:47:9b:e4:3d,7
1697564236.819557,64:58:01:ac:5b:21,12
1697564236.844158,50:c5:40:32:85:d8,8
1697564236.845175,50:c5:40:32:85:d8,8
1697564236.845823,50:c5:40:32:85:d8,8
1697564236.858032,5c:cc:3a:bb:44:6a,9
1697564236.898322,72:0a:f0:4f:c8:5c,8
1697564236.918792,70:ec:b9:0c:e9:d0,7
1697564236.91944,70:ec:b9:0c:e9:d0,7
1697564236.920089,70:ec:b9:0c:e9:d0,7
1697564236.927251,74:a0:83:fb:de:c3,12
1697564236.941953,f1:e7:a8:f6:32:3d,7
1697564236.942601,71:e7:a8:f6:32:3d,7
1697564236.958001,4e:c0:7f:3f:39:8c,7
1697564236.971682,7f:ee:db:b6:27:b6,12
1697564236.972322,7f:ee:d8:b6:27:b6,12
1697564236.976683,52:2e:e7:a6:73:4b,7
1697564236.977331,52:2e:e7:a6:73:4b,7
1697564236.978695,7f:f4:e4:2c:f6:a4,6
1697564236.979327,7f:f4:e4:2c:f6:a4,6
1697564236.991069,64:eb:39:3e:8b:13,8
1697564236.991993,68:a6:c5:b0:71:83,23
1697564237.028557,4a:17:d5:d3:2c:31,8
1697564237.029205,4a:17:d5:d3:2c:31,8
1697564237.034213,7e:1a:6c:04:19:16,7
1697564237.047934,5c:cc:3a:bb:44:6a,9
1697564237.048712,5c:cc:3a:bb:44:6a,9
1697564237.067865,7f:ed:47:9b:e4:3d,7
1697564237.095241,43:40:9d:b7:43:28,8
1697564237.095881,43:40:9d:b7:43:28,8
1697564237.096521,43:40:9d:b7:43:20,8
1697564237.121109,50:c5:40:32:85:d8,8
1697564237.121757,50:c5:40:32:85:d8,8
1697564237.122406,50:c5:40:32:85:d8,8
1697564237.151934,4b:21:9f:41:5b:82,12
1697564237.194604,7a:56:92:d9:93:ef,7
1697564237.195252,7a:56:92:d9:93:ef,7
1697564237.1959,7a:56:92:d9:93:ef,7
1697564237.207316,74:a0:83:fb:de:c3,12
1697564237.207964,74:a0:83:fb:de:c3,12
1697564237.208612,74:a0:83:fb:de:c3,12
1697564237.215765,71:e7:a8:f6:32:3d,7
1697564237.216413,71:e7:a8:f6:32:3d,7
1697564237.238504,5c:cc:3a:bb:44:6a,9
1697564237.241667,7b:ee:db:b4:27:b6,12
1697564237.242307,7f:ee:db:b5:a7:b6,12
1697564237.250273,52:2e:e7:a6:73:4b,7
1697564237.264792,64:eb:39:3e:8b:13,8
1697564237.265432,64:eb:39:3e:8b:13,8
1697564237.267059,68:a6:c5:bc:71:83,7
1697564237.299071,6a:b4:99:8f:3c:7b,3
1697564237.304811,4a:17:d5:d3:2c:31,8
1697564237.305459,4a:17:d5:d3:2c:31,8
1697564237.306215,5a:17:d5:d3:2c:31,-56
1697564237.312379,7e:5a:6c:04:19:16,7
1697564237.370249,43:40:9d:b7:43:28,8
1697564237.372669,64:58:01:ac:5b:21,12
1697564237.373906,64:58:01:ac:5b:21,12
1697564237.398016,50:c5:40:32:85:d8,8
1697564237.399034,50:c5:40:32:85:d8,8
1697564237.450831,72:0a:f0:cf:c8:5c,8
1697564237.451463,70:0a:f0:cf:c8:5c,8
1697564237.452465,72:0a:f0:cf:c8:5c,8
1697564237.470182,70:ec:b9:0c:e9:d0,7
1697564237.47083,70:ec:b9:0c:e9:d0,7
1697564237.471587,70:ec:b9:0c:e9:d0,7
1697564237.482224,74:a0:83:fb:de:c3,12
1697564237.482872,74:a0:83:fb:de:c3,12
1697564237.483888,54:a0:83:fb:de:c3,76
1697564237.48893,71:e7:a8:f6:32:3d,7
1697564237.489578,71:e7:88:f6:32:3d,7
1697564237.490596,71:e7:a8:f6:32:3d,7
1697564237.515433,7f:ee:df:b6:27:b6,12
1697564237.522429,52:2e:e7:a6:73:4b,7
1697564237.523077,52:2e:ef:a6:73:4b,7
1697564237.524093,52:2e:e7:a6:73:4b,7
1697564237.537123,68:a6:c5:bc:71:83,7
1697564237.537771,68:a6:c5:ba:71:83,7
1697564237.538789,68:a6:c5:bc:71:83,7
1697564237.589295,7e:5a:6c:04:19:16,7
1697564237.589943,7e:5a:6c:04:19:16,7
1697564237.590592,7e:5a:6c:04:19:16,7
1697564237.610431,5c:cc:3a:bb:44:6a,9
1697564237.611211,5c:cc:3a:bb:44:6a,9
1697564237.61235,5c:cc:3a:bb:44:6a,9
1697564237.617219,7f:ed:47:9b:e4:3d,7
1697564237.617859,7f:ed:47:9b:e4:3d,7
1697564237.64292,64:58:01:ac:5b:21,12
1697564237.64356,64:58:01:ac:5b:21,12
1697564237.644518,64:58:01:ac:5b:21,12
1697564237.649008,43:40:9d:b7:43:28,8
1697564237.649648,43:40:9d:b7:43:28,8
1697564237.650288,43:40:9d:b7:43:28,8
1697564237.677371,50:c5:40:32:85:d8,8
1697564237.678019,50:c5:40:32:85:d8,8
1697564237.678667,50:c5:40:32:85:d8,8
1697564237.722102,72:0a:f0:cc:48:5c,8
1697564237.752291,74:a0:83:fb:de:c3,12
1697564237.794447,7a:56:92:d9:93:ef,7
1697564237.795095,7a:56:92:d9:93:ef,7
1697564237.795743,7a:56:92:d9:93:ef,7
1697564237.800647,52:2e:e7:a6:73:4b,7
1697564237.801294,52:2e:e7:a6:73:4b,7
1697564237.812197,68:a6:c5:bc:71:83,7
1697564237.817937,64:eb:39:3e:8b:13,8
1697564237.818577,64:eb:39:3e:8b:13,8
1697564237.821499,5c:cc:3a:bb:44:6a,9
1697564237.847311,4a:17:d5:d3:2c:31,8
1697564237.847959,4a:17:d5:d3:2c:31,8
1697564237.848607,4a:17:d5:d3:2c:f1,8
1697564237.855451,6a:b4:99:8f:3c:7b,3
1697564237.886579,7f:ed:47:9b:e4:3d,7
1697564237.887219,7f:ed:47:9b:e4:3d,7
1697564237.912793,5e:47:50:19:51:66,4
1697564237.922929,64:58:01:ac:5b:21,12
1697564237.923569,64:58:01:ac:5b:21,12
1697564237.924209,64:58:01:ac:5b:21,12
1697564237.927764,43:40:9d:b7:43:28,8
1697564237.928404,43:40:9d:b7:43:28,8
1697564237.929044,43:40:9d:b7:43:28,8
1697564237.953624,50:c5:40:32:85:d8,8
1697564237.954272,50:c5:40:32:85:d8,8
1697564237.95492,50:c5:40:32:85:d8,8
1697564237.98011,74:a0:83:fb:de:c3,12
1697564237.996472,72:0a:f0:ce:c8:5c,8
1697564237.997104,72:16:f4:cf:d4:5d,8
1697564238.006685,5c:cc:3a:bb:44:6a,9
1697564238.023467,70:ec:b9:0c:e9:d0,7
1697564238.024115,70:ec:b9:0c:e9:d0,7
1697564238.026175,74:a0:83:fb:de:c3,12
1697564238.026823,74:a0:83:fb:de:c3,12
1697564238.027471,70:a0:83:fb:de:c3,12
1697564238.029065,71:e7:a8:f6:32:3d,7
1697564238.029714,71:e7:a8:f6:32:3d,7
1697564238.030362,71:e7:a8:f6:32:3d,7
1697564238.056234,74:a0:83:fb:de:c3,12
1697564238.056882,74:a0:83:fb:de:c3,12
1697564238.064518,7a:56:92:d9:93:ef,7
1697564238.065166,7a:56:92:d9:93:ef,7
1697564238.065814,7a:56:92:d9:93:ef,7
1697564238.078176,77:f4:e4:2c:f6:a4,62
1697564238.092301,64:eb:39:3e:8b:13,8
1697564238.092941,64:eb:39:3e:8b:13,8
1697564238.093581,64:eb:39:3e:8b:13,8
1697564238.096346,74:a0:83:fb:de:c3,12
1697564238.124878,6a:b4:99:8f:3c:7b,3
1697564238.125518,6a:b4:99:8f:3c:7b,3
1697564238.126158,6a:b4:99:8f:3c:7b,3
1697564238.127311,4a:17:d5:d3:2c:31,8
1697564238.127959,4a:17:d5:d3:2c:31,8
1697564238.128607,4a:17:d5:d7:2c:31,8
1697564238.132571,7e:5a:6c:04:19:16,7
1697564238.133219,fe:5a:6c:04:19:16,7
1697564238.147949,52:7c:a6:ad:79:f5,72
1697564238.165324,7f:ed:47:9b:e4:3d,7
1697564238.167671,74:a0:83:fb:de:c3,12
1697564238.168319,74:a0:83:fb:de:c3,12
1697564238.168967,74:a0:83:fb:de:c3,12
1697564238.199019,43:40:9d:b7:43:28,8
1697564238.199659,43:40:9d:b7:43:28,8
1697564238.200299,53:40:9d:af:43:28,8
1697564238.20168,64:58:01:ac:5b:21,12
1697564238.20232,64:58:01:ac:5b:21,12
1697564238.20296,64:58:01:ac:5b:21,12
1697564238.221866,74:a0:83:fb:de:c3,12
1697564238.22268,74:a0:83:fb:de:c3,12
1697564238.229877,50:c5:40:32:85:d8,8
1697564238.230525,50:c5:40:32:85:d8,8
1697564238.231173,50:c5:40:32:85:d8,8
1697564238.250452,4b:21:9f:45:5b:82,12
1697564238.25558,74:e0:83:fb:de:c3,8
1697564238.28671,74:a0:83:fb:de:c3,12
1697564238.287357,74:a0:83:fb:de:c3,12
1697564238.322276,74:a0:83:fb:de:c3,12
1697564238.322924,74:a0:83:fb:de:c3,12
1697564238.341487,7a:56:92:d9:93:ef,7
1697564238.342135,7a:56:92:d9:93:ef,7
1697564238.350785,52:2e:e7:a6:73:4b,7
1697564238.351433,52:2e:e7:a6:73:4b,7
1697564238.360293,74:a0:83:fb:de:c3,12
1697564238.366693,64:eb:39:3e:8b:13,8
1697564238.367333,64:eb:39:3e:8b:13,8
1697564238.380963,5c:cc:3a:bb:44:6a,9
1697564238.390352,74:a0:83:fb:de:c3,12
1697564238.391,74:a0:83:fb:de:c3,12
1697564238.391648,74:a0:83:fb:de:c3,12
1697564238.398692,6a:b4:99:8f:3c:7b,3
1697564238.399332,6a:b4:99:8f:3c:7b,3
1697564238.399972,6a:b4:99:8f:3c:3b,3
1697564238.405739,7e:5a:6c:04:19:16,7
1697564238.406712,4a:17:d5:d3:2c:31,-18
1697564238.430916,74:a0:83:fb:de:c3,12
1697564238.431565,74:a0:83:fb:de:c3,12
1697564238.436571,7f:ed:47:9b:e4:3d,7
1697564238.437211,7f:ed:47:9b:e4:3d,7
1697564238.43785,7f:ed:47:9b:e4:3d,7
1697564238.470277,43:40:9d:b7:43:28,8
1697564238.508631,50:c5:40:32:85:d8,8
1697564238.509279,50:c5:40:32:85:d8,8
1697564238.509927,50:c5:40:32:85:d8,8
1697564238.521991,4b:51:9f:41:5b:82,12
1697564238.536613,74:a0:83:fb:de:c3,12
1697564238.565414,5c:cc:3a:bb:44:6a,9
1697564238.566192,5c:cc:3a:bb:44:6a,9
1697564238.56697,5c:cc:3a:bb:44:6a,9
1697564238.568526,74:a0:83:fb:de:c3,12
1697564238.573272,70:ec:b9:0c:e9:d0,7
1697564238.608283,68:a0:83:ff:de:c3,12
1697564238.614666,7a:56:92:d9:93:ef,7
1697564238.615314,7a:56:92:d9:93:ef,7
1697564238.615962,7a:56:92:d9:93:ef,7
1697564238.625853,52:2e:e7:a6:73:4b,7
1697564238.626501,52:2e:e7:a6:73:4b,7
1697564238.631421,7f:f4:e4:2c:f6:a4,6
1697564238.632053,7f:f4:e4:2c:f6:a4,6
1697564238.632685,7f:f4:e4:2c:f6:a4,6
1697564238.644808,64:eb:39:3e:8b:13,8
1697564238.645448,64:eb:39:3e:8b:13,8
1697564238.646089,64:eb:39:3e:8b:13,8
1697564238.668759,6a:b4:99:8f:3c:7b,3
1697564238.670039,6a:b4:99:8f:3c:7b,3
1697564238.671834,74:a0:83:fb:de:c3,12
1697564238.672482,74:a0:83:fb:de:c3,12
1697564238.67313,74:a0:83:fb:de:c3,12
1697564238.706566,7f:ed:47:9b:e4:3d,7
1697564238.707206,7f:ed:47:9b:e4:3d,7
1697564238.709247,74:a0:83:fb:de:c3,12
1697564238.709895,74:a0:83:fb:de:c3,12
1697564238.710543,74:a0:83:fb:de:c3,12
1697564238.738589,5e:47:50:19:51:66,4
1697564238.746534,43:40:9d:b7:43:28,8
1697564238.747174,43:40:9d:b7:43:28,8
1697564238.749198,74:a0:83:fb:de:c3,12
1697564238.757797,5c:cc:3a:bb:44:6a,9
1697564238.75982,64:58:01:ac:5b:21,12
1697564238.76046,64:58:01:ac:5b:21,12
1697564238.779067,74:a0:83:fb:de:c3,12
1697564238.779716,74:a0:83:fb:de:c3,12
1697564238.780364,74:a0:83:fb:de:c3,12
1697564238.81648,74:a0:83:fb:de:c3,12
1697564238.817497,74:a0:83:fb:de:c3,12
1697564238.818145,74:a0:83:fb:de:c3,12
1697564238.844038,70:ec:b9:0c:e9:d0,7
1697564238.844687,70:ec:b9:0c:e9:d0,7
1697564238.85864,71:e7:a8:f6:32:3d,7
1697564238.859288,71:e7:a8:f6:32:3d,7
1697564238.859936,71:e7:a8:f6:32:3d,7
1697564238.871384,7f:ee:db:b6:27:b6,12
1697564238.872024,7f:ee:db:b6:27:b6,12
1697564238.887317,74:a0:83:fb:de:c3,12
1697564238.888487,7a:56:92:d9:93:ef,7
1697564238.890899,7a:56:92:d9:93:ef,7
1697564238.908984,7f:f4:e4:2c:f6:a4,6
1697564238.909985,7f:f4:e4:2c:f6:a4,6
1697564238.916059,64:eb:39:3e:8b:13,8
1697564238.927234,74:a0:83:fb:de:c3,12
1697564238.940105,6a:b4:99:8f:3c:7b,3
1697564238.944957,5c:cc:3a:bb:44:6a,9
1697564238.957392,74:a0:83:fb:de:c3,12
1697564238.958408,74:a0:83:fb:de:c3,12
1697564238.959056,74:a0:83:fb:de:c3,12
1697564238.963374,7e:5a:6c:04:19:16,7
1697564238.964038,7e:5a:6c:04:19:16,7
1697564238.964686,7e:5a:6c:04:19:16,7
1697564238.982812,7f:ed:47:9b:e4:3d,7
1697564238.983452,7f:ed:47:9b:e4:3d,7
1697564238.997308,74:a0:83:fb:de:c3,12
1697564238.998324,74:a0:83:fb:de:c3,12
1697564238.998972,74:a0:83:fb:de:c3,12
1697564239.024042,43:40:9d:b7:43:28,8
1697564239.032942,64:58:01:ac:5b:21,12
1697564239.064181,74:a0:83:fb:de:c3,12
1697564239.064829,74:a0:83:fb:de:c3,12
1697564239.094694,74:a0:83:fb:de:c3,12
1697564239.095342,74:a0:83:fb:de:c3,12
1697564239.09599,74:a0:83:fb:de:c3,12
1697564239.102107,72:0a:f0:cf:c8:5c,8
1697564239.102739,72:0a:f0:cf:c8:5c,8
1697564239.121841,70:ec:b9:0c:e9:d0,7
1697564239.122489,70:ec:b9:0c:e9:d0,7
1697564239.123506,70:ec:b9:0c:e9:d0,7
1697564239.129604,74:a0:83:fb:de:c3,12
1697564239.130252,74:a0:83:fb:de:c3,12
1697564239.130901,74:a0:83:fb:de:c3,12
1697564239.14163,7f:ee:d3:b6:27:b6,12
1697564239.142638,7f:ee:db:b6:27:b6,12
1697564239.158556,7a:56:92:d9:93:ef,7
1697564239.159572,7a:56:92:d9:93:ef,7
1697564239.16022,7a:56:92:d9:93:ef,7
1697564239.180364,52:2e:e7:a6:73:4b,7
1697564239.181381,52:2e:e7:a6:73:4b,7
1697564239.182029,52:2e:e7:a6:73:4b,7
1697564239.184047,7f:f4:e4:2c:f6:a4,6
1697564239.184679,7f:f4:e4:2c:f6:a4,6
1697564239.185312,7f:f4:e4:2c:f6:a4,6
1697564239.186141,68:a6:c5:bc:71:83,7
1697564239.187158,68:a6:c5:bc:71:83,7
1697564239.187806,68:a6:c5:bc:71:82,7
1697564239.189814,64:eb:39:3e:8b:13,8
1697564239.190454,64:eb:39:3e:8b:13,8
1697564239.191093,64:eb:39:3e:8b:13,8
1697564239.200671,74:a0:83:fb:de:c3,12
1697564239.201319,74:a0:83:fb:de:c3,12
1697564239.201967,74:e0:83:fb:de:c3,12
1697564239.210143,6a:b4:99:8f:3c:7b,3
1697564239.211029,6a:b4:99:8f:3c:7b,3
1697564239.211668,6a:b4:99:8f:3c:7b,3
1697564239.222963,4a:17:d5:d3:2c:31,8
1697564239.23309,74:a0:83:fb:de:c3,12
1697564239.233738,74:a0:83:fb:de:c3,12
1697564239.259092,7f:ed:47:9b:e4:3d,7
1697564239.268019,74:a0:83:fb:de:c3,12
1697564239.268667,74:a0:83:fb:de:c3,12
1697564239.269315,74:a0:83:fb:de:c3,12
1697564239.302432,43:40:9d:b7:43:28,8
1697564239.304173,74:a0:83:fb:de:c3,12
1697564239.304821,74:a0:83:fb:de:c3,12
1697564239.309527,64:58:01:ac:5b:21,12
1697564239.316913,5c:cc:3a:bb:44:6a,9
1697564239.339084,74:a0:83:7b:de:c3,12
1697564239.339732,74:a0:83:fb:de:c3,12
1697564239.368999,74:a0:83:fb:de:c3,12
1697564239.369647,74:a0:83:fb:de:c3,12
1697564239.370295,74:a0:83:fb:de:c3,12
1697564239.401522,74:a0:83:fb:de:c3,12
