time_stamp,advertising_address
1707960022.8776255,47:7c:87:d6:4a:ec
1707960022.9026256,47:7c:87:d6:4a:ec
1707960022.9288754,47:7c:87:d6:4a:ec
1707960022.9563758,47:7c:87:d6:4a:ec
1707960022.982626,47:7c:87:d6:4a:ec
1707960023.0038762,47:7c:87:d6:4a:ec
1707960023.0313766,47:7c:87:d6:4a:ec
1707960023.0551264,47:7c:87:d6:4a:ec
1707960023.0813768,47:7c:87:d6:4a:ec
1707960023.108877,47:7c:87:d6:4a:ec
1707960023.130127,47:7c:87:d6:4a:ec
1707960023.1588771,47:7c:87:d6:4a:ec
1707960023.2151272,47:7c:87:d6:4a:ec
1707960023.2376273,47:7c:87:d6:4a:ec
1707960023.2663777,47:7c:87:d6:4a:ec
1707960023.317628,47:7c:87:d6:4a:ec
1707960023.3401282,47:7c:87:d6:4a:ec
1707960023.366378,47:7c:87:d6:4a:ec
1707960023.3876283,47:7c:87:d6:4a:ec
1707960023.4338784,47:7c:87:d6:4a:ec
1707960023.4576285,47:7c:87:d6:4a:ec
1707960023.480129,47:7c:87:d6:4a:ec
1707960023.5076287,47:7c:87:d6:4a:ec
1707960023.530129,47:7c:87:d6:4a:ec
1707960023.5538795,47:7c:87:d6:4a:ec
1707960023.6088793,47:7c:87:d6:4a:ec
1707960023.6363797,47:7c:87:d6:4a:ec
1707960023.65763,47:7c:87:d6:4a:ec
1707960023.67888,47:7c:87:d6:4a:ec
1707960023.69888,47:7c:87:d6:4a:ec
1707960023.72638,47:7c:87:d6:4a:ec
1707960023.75388,47:7c:87:d6:4a:ec
1707960023.7738802,47:7c:87:d6:4a:ec
1707960023.7988806,47:7c:87:d6:4a:ec
1707960023.8513808,47:7c:87:d6:4a:ec
1707960023.8763812,47:7c:87:d6:4a:ec
1707960023.8988812,47:7c:87:d6:4a:ec
1707960023.9201312,47:7c:87:d6:4a:ec
1707960023.9476314,47:7c:87:d6:4a:ec
1707960023.9763815,47:7c:87:d6:4a:ec
1707960024.022632,47:7c:87:d6:4a:ec
1707960024.0426319,47:7c:87:d6:4a:ec
1707960024.065132,47:7c:87:d6:4a:ec
1707960024.0876322,47:7c:87:d6:4a:ec
1707960024.1088822,47:7c:87:d6:4a:ec
1707960024.1563826,47:7c:87:d6:4a:ec
1707960024.1763825,47:7c:87:d6:4a:ec
1707960024.1988826,47:7c:87:d6:4a:ec
1707960024.2188828,47:7c:87:d6:4a:ec
1707960024.2426326,47:7c:87:d6:4a:ec
1707960024.265133,47:7c:87:d6:4a:ec
1707960024.2863834,47:7c:87:d6:4a:ec
1707960024.3088832,47:7c:87:d6:4a:ec
1707960024.3338833,47:7c:87:d6:4a:ec
1707960024.3588839,47:7c:87:d6:4a:ec
1707960024.4038835,47:7c:87:d6:4a:ec
1707960024.4263842,47:7c:87:d6:4a:ec
1707960024.4538841,47:7c:87:d6:4a:ec
1707960024.4813843,47:7c:87:d6:4a:ec
1707960024.5026343,47:7c:87:d6:4a:ec
1707960024.5226345,47:7c:87:d6:4a:ec
1707960024.5463846,47:7c:87:d6:4a:ec
1707960024.5676346,47:7c:87:d6:4a:ec
1707960024.616385,47:7c:87:d6:4a:ec
1707960024.638885,47:7c:87:d6:4a:ec
1707960024.6638854,47:7c:87:d6:4a:ec
1707960024.6876352,47:7c:87:d6:4a:ec
1707960024.7076354,47:7c:87:d6:4a:ec
1707960024.7363853,47:7c:87:d6:4a:ec
1707960024.7588856,47:7c:87:d6:4a:ec
1707960024.7801359,47:7c:87:d6:4a:ec
1707960024.801386,47:7c:87:d6:4a:ec
1707960024.823886,47:7c:87:d6:4a:ec
1707960024.8513863,47:7c:87:d6:4a:ec
1707960024.8763862,47:7c:87:d6:4a:ec
1707960024.9001367,47:7c:87:d6:4a:ec
1707960024.9263866,47:7c:87:d6:4a:ec
1707960024.9751368,47:7c:87:d6:4a:ec
1707960024.9951367,47:7c:87:d6:4a:ec
1707960025.0176373,47:7c:87:d6:4a:ec
1707960025.0676374,47:7c:87:d6:4a:ec
1707960025.0913875,47:7c:87:d6:4a:ec
1707960025.1126375,47:7c:87:d6:4a:ec
1707960025.161388,47:7c:87:d6:4a:ec
1707960025.188888,47:7c:87:d6:4a:ec
1707960025.216388,47:7c:87:d6:4a:ec
1707960025.2363882,47:7c:87:d6:4a:ec
1707960025.2588885,47:7c:87:d6:4a:ec
1707960025.2838883,47:7c:87:d6:4a:ec
1707960025.3038883,47:7c:87:d6:4a:ec
1707960025.3301387,47:7c:87:d6:4a:ec
1707960025.357639,47:7c:87:d6:4a:ec
1707960025.377639,47:7c:87:d6:4a:ec
1707960025.3988888,47:7c:87:d6:4a:ec
1707960025.4476392,47:7c:87:d6:4a:ec
1707960025.4713895,47:7c:87:d6:4a:ec
1707960025.4963896,47:7c:87:d6:4a:ec
1707960025.5176396,47:7c:87:d6:4a:ec
1707960025.5388901,47:7c:87:d6:4a:ec
1707960025.5601401,47:7c:87:d6:4a:ec
1707960025.58139,47:7c:87:d6:4a:ec
1707960025.6063902,47:7c:87:d6:4a:ec
1707960025.6313906,47:7c:87:d6:4a:ec
1707960025.6563904,47:7c:87:d6:4a:ec
1707960025.6788902,47:7c:87:d6:4a:ec
1707960025.7026408,47:7c:87:d6:4a:ec
1707960025.723891,47:7c:87:d6:4a:ec
1707960025.751391,47:7c:87:d6:4a:ec
1707960025.771391,47:7c:87:d6:4a:ec
1707960025.7926412,47:7c:87:d6:4a:ec
1707960025.8163915,47:7c:87:d6:4a:ec
1707960025.8388915,47:7c:87:d6:4a:ec
1707960025.8663917,47:7c:87:d6:4a:ec
1707960025.8863919,47:7c:87:d6:4a:ec
1707960025.9101422,47:7c:87:d6:4a:ec
1707960025.935142,47:7c:87:d6:4a:ec
1707960025.9576418,47:7c:87:d6:4a:ec
1707960025.9788923,47:7c:87:d6:4a:ec
1707960026.0013921,47:7c:87:d6:4a:ec
1707960026.0263922,47:7c:87:d6:4a:ec
1707960026.0501423,47:7c:87:d6:4a:ec
1707960026.0713928,47:7c:87:d6:4a:ec
1707960026.0938926,47:7c:87:d6:4a:ec
1707960026.1226428,47:7c:87:d6:4a:ec
1707960026.147643,47:7c:87:d6:4a:ec
1707960026.1713934,47:7c:87:d6:4a:ec
1707960026.2001436,47:7c:87:d6:4a:ec
1707960026.2201433,47:7c:87:d6:4a:ec
1707960026.2413936,47:7c:87:d6:4a:ec
1707960026.2613935,47:7c:87:d6:4a:ec
1707960026.2838936,47:7c:87:d6:4a:ec
1707960026.3113942,47:7c:87:d6:4a:ec
1707960026.335144,47:7c:87:d6:4a:ec
1707960026.358894,47:7c:87:d6:4a:ec
1707960026.4388945,47:7c:87:d6:4a:ec
1707960026.4638946,47:7c:87:d6:4a:ec
1707960026.4901447,47:7c:87:d6:4a:ec
1707960026.5176454,47:7c:87:d6:4a:ec
1707960026.5401454,47:7c:87:d6:4a:ec
1707960026.5676453,47:7c:87:d6:4a:ec
1707960026.5901456,47:7c:87:d6:4a:ec
1707960026.6113954,47:7c:87:d6:4a:ec
1707960026.6363957,47:7c:87:d6:4a:ec
1707960026.657646,47:7c:87:d6:4a:ec
1707960026.677646,47:7c:87:d6:4a:ec
1707960026.698896,47:7c:87:d6:4a:ec
1707960026.7263963,47:7c:87:d6:4a:ec
1707960026.746396,47:7c:87:d6:4a:ec
1707960026.7951465,47:7c:87:d6:4a:ec
1707960026.8176465,47:7c:87:d6:4a:ec
1707960026.8413968,47:7c:87:d6:4a:ec
1707960026.8688967,47:7c:87:d6:4a:ec
1707960026.893897,47:7c:87:d6:4a:ec
1707960026.916397,47:7c:87:d6:4a:ec
1707960026.9426472,47:7c:87:d6:4a:ec
1707960026.9676476,47:7c:87:d6:4a:ec
1707960026.9901474,47:7c:87:d6:4a:ec
1707960027.0126476,47:7c:87:d6:4a:ec
1707960027.040148,47:7c:87:d6:4a:ec
1707960027.0651479,47:7c:87:d6:4a:ec
1707960027.088898,47:7c:87:d6:4a:ec
1707960027.112648,47:7c:87:d6:4a:ec
1707960027.1338983,47:7c:87:d6:4a:ec
1707960027.1551485,47:7c:87:d6:4a:ec
1707960027.248899,47:7c:87:d6:4a:ec
1707960027.271399,47:7c:87:d6:4a:ec
1707960027.2963994,47:7c:87:d6:4a:ec
1707960027.3163993,47:7c:87:d6:4a:ec
1707960027.3651495,47:7c:87:d6:4a:ec
1707960027.3876495,47:7c:87:d6:4a:ec
1707960027.4163997,47:7c:87:d6:4a:ec
1707960027.4439,47:7c:87:d6:4a:ec
1707960027.4701502,47:7c:87:d6:4a:ec
1707960027.4926503,47:7c:87:d6:4a:ec
1707960027.5201504,47:7c:87:d6:4a:ec
1707960027.5401506,47:7c:87:d6:4a:ec
1707960027.5614004,47:7c:87:d6:4a:ec
1707960027.5826507,47:7c:87:d6:4a:ec
1707960027.6089005,47:7c:87:d6:4a:ec
1707960027.632651,47:7c:87:d6:4a:ec
1707960027.652651,47:7c:87:d6:4a:ec
1707960027.6739013,47:7c:87:d6:4a:ec
1707960027.7239013,47:7c:87:d6:4a:ec
1707960027.7489016,47:7c:87:d6:4a:ec
1707960027.773902,47:7c:87:d6:4a:ec
1707960027.7989018,47:7c:87:d6:4a:ec
1707960027.8276522,47:7c:87:d6:4a:ec
1707960027.8564024,47:7c:87:d6:4a:ec
1707960027.881402,47:7c:87:d6:4a:ec
1707960027.9089026,47:7c:87:d6:4a:ec
1707960027.9351528,47:7c:87:d6:4a:ec
1707960027.9564025,47:7c:87:d6:4a:ec
1707960027.9851532,47:7c:87:d6:4a:ec
1707960028.040153,47:7c:87:d6:4a:ec
1707960028.0601532,47:7c:87:d6:4a:ec
1707960028.0814035,47:7c:87:d6:4a:ec
1707960028.1089034,47:7c:87:d6:4a:ec
1707960028.1351535,47:7c:87:d6:4a:ec
1707960028.155154,47:7c:87:d6:4a:ec
1707960028.180154,47:7c:87:d6:4a:ec
1707960028.207654,47:7c:87:d6:4a:ec
1707960028.2276542,47:7c:87:d6:4a:ec
1707960028.2476544,47:7c:87:d6:4a:ec
1707960028.270154,47:7c:87:d6:4a:ec
1707960028.2901545,47:7c:87:d6:4a:ec
1707960028.3126545,47:7c:87:d6:4a:ec
1707960028.361405,47:7c:87:d6:4a:ec
1707960028.405155,47:7c:87:d6:4a:ec
1707960028.4264052,47:7c:87:d6:4a:ec
1707960028.455155,47:7c:87:d6:4a:ec
1707960028.4751554,47:7c:87:d6:4a:ec
1707960028.5014057,47:7c:87:d6:4a:ec
1707960028.5289059,47:7c:87:d6:4a:ec
1707960028.548906,47:7c:87:d6:4a:ec
1707960028.5726557,47:7c:87:d6:4a:ec
1707960028.593906,47:7c:87:d6:4a:ec
1707960028.621406,47:7c:87:d6:4a:ec
1707960028.6889067,47:7c:87:d6:4a:ec
1707960028.7114067,47:7c:87:d6:4a:ec
1707960028.7401571,47:7c:87:d6:4a:ec
1707960028.7814069,47:7c:87:d6:4a:ec
1707960028.806407,47:7c:87:d6:4a:ec
1707960028.8276572,47:7c:87:d6:4a:ec
1707960028.8489075,47:7c:87:d6:4a:ec
1707960028.8751576,47:7c:87:d6:4a:ec
1707960028.9039078,47:7c:87:d6:4a:ec
1707960028.923908,47:7c:87:d6:4a:ec
1707960028.9514077,47:7c:87:d6:4a:ec
1707960029.0014083,47:7c:87:d6:4a:ec
1707960029.028908,47:7c:87:d6:4a:ec
1707960029.0514083,47:7c:87:d6:4a:ec
1707960029.0739088,47:7c:87:d6:4a:ec
1707960029.0976586,47:7c:87:d6:4a:ec
1707960029.1239088,47:7c:87:d6:4a:ec
1707960029.152659,47:7c:87:d6:4a:ec
1707960029.1789088,47:7c:87:d6:4a:ec
1707960029.200159,47:7c:87:d6:4a:ec
1707960029.2276595,47:7c:87:d6:4a:ec
1707960029.2476594,47:7c:87:d6:4a:ec
1707960029.2739098,47:7c:87:d6:4a:ec
1707960029.2964096,47:7c:87:d6:4a:ec
1707960029.32016,47:7c:87:d6:4a:ec
1707960029.34016,47:7c:87:d6:4a:ec
1707960029.36391,47:7c:87:d6:4a:ec
1707960029.3851602,47:7c:87:d6:4a:ec
1707960029.4114103,47:7c:87:d6:4a:ec
1707960029.4314103,47:7c:87:d6:4a:ec
1707960029.4539106,47:7c:87:d6:4a:ec
1707960029.473911,47:7c:87:d6:4a:ec
1707960029.501411,47:7c:87:d6:4a:ec
1707960029.5264108,47:7c:87:d6:4a:ec
1707960029.5476613,47:7c:87:d6:4a:ec
1707960029.5689113,47:7c:87:d6:4a:ec
1707960029.5976613,47:7c:87:d6:4a:ec
1707960029.6239114,47:7c:87:d6:4a:ec
1707960029.6489117,47:7c:87:d6:4a:ec
1707960029.6689117,47:7c:87:d6:4a:ec
1707960029.691412,47:7c:87:d6:4a:ec
1707960029.720162,47:7c:87:d6:4a:ec
1707960029.745162,47:7c:87:d6:4a:ec
1707960029.7726624,47:7c:87:d6:4a:ec
1707960029.867663,47:7c:87:d6:4a:ec
1707960029.891413,47:7c:87:d6:4a:ec
1707960029.9201634,47:7c:87:d6:4a:ec
1707960029.9476633,47:7c:87:d6:4a:ec
1707960029.9739134,47:7c:87:d6:4a:ec
1707960030.0201635,47:7c:87:d6:4a:ec
1707960030.048914,47:7c:87:d6:4a:ec
1707960030.0751638,47:7c:87:d6:4a:ec
1707960030.1026642,47:7c:87:d6:4a:ec
1707960030.127664,47:7c:87:d6:4a:ec
1707960030.1539142,47:7c:87:d6:4a:ec
1707960030.1826644,47:7c:87:d6:4a:ec
1707960030.2114148,47:7c:87:d6:4a:ec
1707960030.2314148,47:7c:87:d6:4a:ec
1707960030.260165,47:7c:87:d6:4a:ec
1707960030.2851648,47:7c:87:d6:4a:ec
1707960030.3051653,47:7c:87:d6:4a:ec
1707960030.3276653,47:7c:87:d6:4a:ec
1707960030.3564155,47:7c:87:d6:4a:ec
1707960030.3826654,47:7c:87:d6:4a:ec
1707960030.4064157,47:7c:87:d6:4a:ec
1707960030.4301655,47:7c:87:d6:4a:ec
1707960030.4514158,47:7c:87:d6:4a:ec
1707960030.476416,47:7c:87:d6:4a:ec
1707960030.498916,47:7c:87:d6:4a:ec
1707960030.5239162,47:7c:87:d6:4a:ec
1707960030.5739167,47:7c:87:d6:4a:ec
1707960030.5939164,47:7c:87:d6:4a:ec
1707960030.6226666,47:7c:87:d6:4a:ec
1707960030.6451669,47:7c:87:d6:4a:ec
1707960030.6664171,47:7c:87:d6:4a:ec
1707960030.695167,47:7c:87:d6:4a:ec
1707960030.7226675,47:7c:87:d6:4a:ec
1707960030.7501676,47:7c:87:d6:4a:ec
1707960030.7726674,47:7c:87:d6:4a:ec
1707960030.817668,47:7c:87:d6:4a:ec
1707960030.843918,47:7c:87:d6:4a:ec
1707960030.872668,47:7c:87:d6:4a:ec
1707960030.9214182,47:7c:87:d6:4a:ec
1707960030.9439185,47:7c:87:d6:4a:ec
1707960030.9651687,47:7c:87:d6:4a:ec
1707960030.9939187,47:7c:87:d6:4a:ec
1707960031.0214186,47:7c:87:d6:4a:ec
1707960031.050169,47:7c:87:d6:4a:ec
1707960031.0714192,47:7c:87:d6:4a:ec
1707960031.0976694,47:7c:87:d6:4a:ec
1707960031.1189196,47:7c:87:d6:4a:ec
1707960031.1476696,47:7c:87:d6:4a:ec
1707960031.1701696,47:7c:87:d6:4a:ec
1707960031.1914198,47:7c:87:d6:4a:ec
1707960031.2114196,47:7c:87:d6:4a:ec
1707960031.23517,47:7c:87:d6:4a:ec
1707960031.2614202,47:7c:87:d6:4a:ec
1707960031.2876704,47:7c:87:d6:4a:ec
1707960031.3114204,47:7c:87:d6:4a:ec
1707960031.3314207,47:7c:87:d6:4a:ec
1707960031.3551707,47:7c:87:d6:4a:ec
1707960031.3814209,47:7c:87:d6:4a:ec
1707960031.406421,47:7c:87:d6:4a:ec
1707960031.4601715,47:7c:87:d6:4a:ec
1707960031.481421,47:7c:87:d6:4a:ec
1707960031.5076714,47:7c:87:d6:4a:ec
1707960031.5301716,47:7c:87:d6:4a:ec
1707960031.5576718,47:7c:87:d6:4a:ec
1707960031.585172,47:7c:87:d6:4a:ec
1707960031.612672,47:7c:87:d6:4a:ec
1707960031.637672,47:7c:87:d6:4a:ec
1707960031.6664224,47:7c:87:d6:4a:ec
1707960031.6914222,47:7c:87:d6:4a:ec
1707960031.7139225,47:7c:87:d6:4a:ec
1707960031.7339227,47:7c:87:d6:4a:ec
1707960031.755173,47:7c:87:d6:4a:ec
1707960031.7751727,47:7c:87:d6:4a:ec
1707960031.8176732,47:7c:87:d6:4a:ec
1707960031.843923,47:7c:87:d6:4a:ec
1707960031.8676734,47:7c:87:d6:4a:ec
1707960031.8876734,47:7c:87:d6:4a:ec
1707960031.9164236,47:7c:87:d6:4a:ec
1707960031.9439237,47:7c:87:d6:4a:ec
1707960031.963924,47:7c:87:d6:4a:ec
1707960031.9889243,47:7c:87:d6:4a:ec
1707960032.0176742,47:7c:87:d6:4a:ec
1707960032.0401745,47:7c:87:d6:4a:ec
1707960032.0839248,47:7c:87:d6:4a:ec
1707960032.1064246,47:7c:87:d6:4a:ec
1707960032.1289246,47:7c:87:d6:4a:ec
1707960032.1489248,47:7c:87:d6:4a:ec
1707960032.1739252,47:7c:87:d6:4a:ec
1707960032.1951752,47:7c:87:d6:4a:ec
1707960032.2201753,47:7c:87:d6:4a:ec
1707960032.242675,47:7c:87:d6:4a:ec
1707960032.2701757,47:7c:87:d6:4a:ec
1707960032.2926757,47:7c:87:d6:4a:ec
1707960032.3139257,47:7c:87:d6:4a:ec
1707960032.3364255,47:7c:87:d6:4a:ec
1707960032.361426,47:7c:87:d6:4a:ec
1707960032.388926,47:7c:87:d6:4a:ec
1707960032.4151764,47:7c:87:d6:4a:ec
1707960032.4351764,47:7c:87:d6:4a:ec
1707960032.4639263,47:7c:87:d6:4a:ec
1707960032.4839268,47:7c:87:d6:4a:ec
1707960032.5064268,47:7c:87:d6:4a:ec
1707960032.5339265,47:7c:87:d6:4a:ec
1707960032.5564268,47:7c:87:d6:4a:ec
1707960032.576427,47:7c:87:d6:4a:ec
1707960032.598927,47:7c:87:d6:4a:ec
1707960032.6251771,47:7c:87:d6:4a:ec
1707960032.6451774,47:7c:87:d6:4a:ec
1707960032.6664274,47:7c:87:d6:4a:ec
1707960032.7164276,47:7c:87:d6:4a:ec
1707960032.7401779,47:7c:87:d6:4a:ec
1707960032.763928,47:7c:87:d6:4a:ec
1707960032.792678,47:7c:87:d6:4a:ec
1707960032.820178,47:7c:87:d6:4a:ec
1707960032.8476787,47:7c:87:d6:4a:ec
1707960032.868929,47:7c:87:d6:4a:ec
1707960032.8901787,47:7c:87:d6:4a:ec
1707960032.9139285,47:7c:87:d6:4a:ec
1707960032.9376788,47:7c:87:d6:4a:ec
1707960032.9614294,47:7c:87:d6:4a:ec
1707960032.9901793,47:7c:87:d6:4a:ec
1707960033.0189292,47:7c:87:d6:4a:ec
1707960033.0439296,47:7c:87:d6:4a:ec
1707960033.0689294,47:7c:87:d6:4a:ec
1707960033.09643,47:7c:87:d6:4a:ec
1707960033.1226802,47:7c:87:d6:4a:ec
1707960033.1489303,47:7c:87:d6:4a:ec
1707960033.20268,47:7c:87:d6:4a:ec
1707960033.2276807,47:7c:87:d6:4a:ec
1707960033.2564304,47:7c:87:d6:4a:ec
1707960033.2839305,47:7c:87:d6:4a:ec
1707960033.3101811,47:7c:87:d6:4a:ec
1707960033.3301811,47:7c:87:d6:4a:ec
1707960033.3564315,47:7c:87:d6:4a:ec
1707960033.3789313,47:7c:87:d6:4a:ec
1707960033.4026816,47:7c:87:d6:4a:ec
1707960033.4239316,47:7c:87:d6:4a:ec
1707960033.4464316,47:7c:87:d6:4a:ec
1707960033.4701817,47:7c:87:d6:4a:ec
1707960033.4926817,47:7c:87:d6:4a:ec
1707960033.5151818,47:7c:87:d6:4a:ec
1707960033.5351822,47:7c:87:d6:4a:ec
1707960033.5564322,47:7c:87:d6:4a:ec
1707960033.5839324,47:7c:87:d6:4a:ec
1707960033.6064324,47:7c:87:d6:4a:ec
1707960033.6289327,47:7c:87:d6:4a:ec
1707960033.6576824,47:7c:87:d6:4a:ec
1707960033.6776829,47:7c:87:d6:4a:ec
1707960033.7039332,47:7c:87:d6:4a:ec
1707960033.7264328,47:7c:87:d6:4a:ec
1707960033.7526832,47:7c:87:d6:4a:ec
1707960033.8014336,47:7c:87:d6:4a:ec
1707960033.8251836,47:7c:87:d6:4a:ec
1707960033.8514338,47:7c:87:d6:4a:ec
1707960033.8764338,47:7c:87:d6:4a:ec
1707960033.903934,47:7c:87:d6:4a:ec
1707960033.9314342,47:7c:87:d6:4a:ec
1707960033.9764342,47:7c:87:d6:4a:ec
1707960033.9964342,47:7c:87:d6:4a:ec
1707960034.0164347,47:7c:87:d6:4a:ec
1707960034.040185,47:7c:87:d6:4a:ec
1707960034.083935,47:7c:87:d6:4a:ec
1707960034.107685,47:7c:87:d6:4a:ec
1707960034.1589353,47:7c:87:d6:4a:ec
1707960034.1864355,47:7c:87:d6:4a:ec
1707960034.2114353,47:7c:87:d6:4a:ec
1707960034.236436,47:7c:87:d6:4a:ec
1707960034.260186,47:7c:87:d6:4a:ec
1707960034.288936,47:7c:87:d6:4a:ec
1707960034.3164365,47:7c:87:d6:4a:ec
1707960034.3426864,47:7c:87:d6:4a:ec
1707960034.3701866,47:7c:87:d6:4a:ec
1707960034.390187,47:7c:87:d6:4a:ec
1707960034.4139366,47:7c:87:d6:4a:ec
1707960034.4351869,47:7c:87:d6:4a:ec
1707960034.462687,47:7c:87:d6:4a:ec
1707960034.4864373,47:7c:87:d6:4a:ec
1707960034.5126874,47:7c:87:d6:4a:ec
1707960034.5351875,47:7c:87:d6:4a:ec
1707960034.5626879,47:7c:87:d6:4a:ec
1707960034.5851877,47:7c:87:d6:4a:ec
1707960034.6126878,47:7c:87:d6:4a:ec
1707960034.6364381,47:7c:87:d6:4a:ec
1707960034.6651883,47:7c:87:d6:4a:ec
1707960034.6864383,47:7c:87:d6:4a:ec
1707960034.7139382,47:7c:87:d6:4a:ec
1707960034.7414389,47:7c:87:d6:4a:ec
1707960034.7651885,47:7c:87:d6:4a:ec
1707960034.787689,47:7c:87:d6:4a:ec
1707960034.816439,47:7c:87:d6:4a:ec
1707960034.843939,47:7c:87:d6:4a:ec
1707960034.866439,47:7c:87:d6:4a:ec
1707960034.8939395,47:7c:87:d6:4a:ec
1707960034.9176896,47:7c:87:d6:4a:ec
1707960034.9451895,47:7c:87:d6:4a:ec
1707960034.9739397,47:7c:87:d6:4a:ec
1707960034.99644,47:7c:87:d6:4a:ec
1707960035.02019,47:7c:87:d6:4a:ec
1707960035.0401902,47:7c:87:d6:4a:ec
1707960035.0914402,47:7c:87:d6:4a:ec
1707960035.1126902,47:7c:87:d6:4a:ec
1707960035.1389406,47:7c:87:d6:4a:ec
1707960035.1589408,47:7c:87:d6:4a:ec
1707960035.186441,47:7c:87:d6:4a:ec
1707960035.2376912,47:7c:87:d6:4a:ec
1707960035.2651913,47:7c:87:d6:4a:ec
1707960035.2901917,47:7c:87:d6:4a:ec
1707960035.3164415,47:7c:87:d6:4a:ec
1707960035.3364418,47:7c:87:d6:4a:ec
1707960035.356442,47:7c:87:d6:4a:ec
1707960035.3801918,47:7c:87:d6:4a:ec
1707960035.406442,47:7c:87:d6:4a:ec
1707960035.4589422,47:7c:87:d6:4a:ec
1707960035.4851923,47:7c:87:d6:4a:ec
1707960035.5064425,47:7c:87:d6:4a:ec
1707960035.5301929,47:7c:87:d6:4a:ec
1707960035.5551932,47:7c:87:d6:4a:ec
1707960035.581443,47:7c:87:d6:4a:ec
1707960035.603943,47:7c:87:d6:4a:ec
1707960035.6289434,47:7c:87:d6:4a:ec
1707960035.6514435,47:7c:87:d6:4a:ec
1707960035.6776936,47:7c:87:d6:4a:ec
1707960035.7001936,47:7c:87:d6:4a:ec
1707960035.7214437,47:7c:87:d6:4a:ec
1707960035.742694,47:7c:87:d6:4a:ec
1707960035.771444,47:7c:87:d6:4a:ec
1707960035.7939441,47:7c:87:d6:4a:ec
1707960035.8426943,47:7c:87:d6:4a:ec
1707960035.8714447,47:7c:87:d6:4a:ec
1707960035.8964448,47:7c:87:d6:4a:ec
1707960035.9251945,47:7c:87:d6:4a:ec
1707960035.946445,47:7c:87:d6:4a:ec
1707960035.973945,47:7c:87:d6:4a:ec
1707960036.0214455,47:7c:87:d6:4a:ec
1707960036.0476954,47:7c:87:d6:4a:ec
1707960036.0764458,47:7c:87:d6:4a:ec
1707960036.117696,47:7c:87:d6:4a:ec
1707960036.143946,47:7c:87:d6:4a:ec
1707960036.167696,47:7c:87:d6:4a:ec
1707960036.1914463,47:7c:87:d6:4a:ec
1707960036.2189462,47:7c:87:d6:4a:ec
1707960036.2414465,47:7c:87:d6:4a:ec
1707960036.2651966,47:7c:87:d6:4a:ec
1707960036.2864468,47:7c:87:d6:4a:ec
1707960036.3126965,47:7c:87:d6:4a:ec
1707960036.333947,47:7c:87:d6:4a:ec
1707960036.358947,47:7c:87:d6:4a:ec
1707960036.382697,47:7c:87:d6:4a:ec
1707960036.4026973,47:7c:87:d6:4a:ec
1707960036.4276974,47:7c:87:d6:4a:ec
1707960036.4476974,47:7c:87:d6:4a:ec
1707960036.4739475,47:7c:87:d6:4a:ec
1707960036.4951975,47:7c:87:d6:4a:ec
1707960036.521448,47:7c:87:d6:4a:ec
1707960036.541448,47:7c:87:d6:4a:ec
1707960036.5626981,47:7c:87:d6:4a:ec
1707960036.5839484,47:7c:87:d6:4a:ec
1707960036.6039486,47:7c:87:d6:4a:ec
1707960036.6314485,47:7c:87:d6:4a:ec
1707960036.6526985,47:7c:87:d6:4a:ec
1707960036.6739485,47:7c:87:d6:4a:ec
1707960036.7014487,47:7c:87:d6:4a:ec
1707960036.7251992,47:7c:87:d6:4a:ec
1707960036.7451992,47:7c:87:d6:4a:ec
1707960036.7689493,47:7c:87:d6:4a:ec
1707960036.7926993,47:7c:87:d6:4a:ec
1707960036.8139493,47:7c:87:d6:4a:ec
1707960036.8351994,47:7c:87:d6:4a:ec
1707960036.8564496,47:7c:87:d6:4a:ec
1707960036.8764498,47:7c:87:d6:4a:ec
1707960036.8976998,47:7c:87:d6:4a:ec
1707960036.92395,47:7c:87:d6:4a:ec
1707960036.94895,47:7c:87:d6:4a:ec
1707960036.9689503,47:7c:87:d6:4a:ec
1707960036.9939506,47:7c:87:d6:4a:ec
1707960037.0139503,47:7c:87:d6:4a:ec
1707960037.0402007,47:7c:87:d6:4a:ec
1707960037.0677009,47:7c:87:d6:4a:ec
1707960037.0939507,47:7c:87:d6:4a:ec
1707960037.118951,47:7c:87:d6:4a:ec
1707960037.146451,47:7c:87:d6:4a:ec
1707960037.1977012,47:7c:87:d6:4a:ec
1707960037.2214518,47:7c:87:d6:4a:ec
1707960037.2427015,47:7c:87:d6:4a:ec
1707960037.2677016,47:7c:87:d6:4a:ec
1707960037.2939517,47:7c:87:d6:4a:ec
1707960037.3227022,47:7c:87:d6:4a:ec
1707960037.3502023,47:7c:87:d6:4a:ec
1707960037.3727024,47:7c:87:d6:4a:ec
1707960037.4014528,47:7c:87:d6:4a:ec
1707960037.4277024,47:7c:87:d6:4a:ec
1707960037.492703,47:7c:87:d6:4a:ec
1707960037.5189533,47:7c:87:d6:4a:ec
1707960037.5389533,47:7c:87:d6:4a:ec
1707960037.5677032,47:7c:87:d6:4a:ec
1707960037.5939536,47:7c:87:d6:4a:ec
1707960037.6164534,47:7c:87:d6:4a:ec
1707960037.6364539,47:7c:87:d6:4a:ec
1707960037.660204,47:7c:87:d6:4a:ec
1707960037.686454,47:7c:87:d6:4a:ec
1707960037.726454,47:7c:87:d6:4a:ec
1707960037.7552042,47:7c:87:d6:4a:ec
1707960037.7814543,47:7c:87:d6:4a:ec
1707960037.8014548,47:7c:87:d6:4a:ec
1707960037.8252048,47:7c:87:d6:4a:ec
1707960037.8502045,47:7c:87:d6:4a:ec
1707960037.8777046,47:7c:87:d6:4a:ec
1707960037.9039552,47:7c:87:d6:4a:ec
1707960037.926455,47:7c:87:d6:4a:ec
1707960037.9527054,47:7c:87:d6:4a:ec
1707960037.9739554,47:7c:87:d6:4a:ec
1707960037.9952054,47:7c:87:d6:4a:ec
1707960038.0239556,47:7c:87:d6:4a:ec
1707960038.0502057,47:7c:87:d6:4a:ec
1707960038.0714557,47:7c:87:d6:4a:ec
1707960038.1002061,47:7c:87:d6:4a:ec
1707960038.122706,47:7c:87:d6:4a:ec
1707960038.1502063,47:7c:87:d6:4a:ec
1707960038.1714566,47:7c:87:d6:4a:ec
1707960038.1989565,47:7c:87:d6:4a:ec
1707960038.2214568,47:7c:87:d6:4a:ec
1707960038.2452068,47:7c:87:d6:4a:ec
1707960038.292707,47:7c:87:d6:4a:ec
1707960038.318957,47:7c:87:d6:4a:ec
1707960038.3402073,47:7c:87:d6:4a:ec
1707960038.3664575,47:7c:87:d6:4a:ec
1707960038.3939574,47:7c:87:d6:4a:ec
1707960038.4139576,47:7c:87:d6:4a:ec
1707960038.458958,47:7c:87:d6:4a:ec
1707960038.4839582,47:7c:87:d6:4a:ec
1707960038.5127082,47:7c:87:d6:4a:ec
1707960038.5377085,47:7c:87:d6:4a:ec
1707960038.5589585,47:7c:87:d6:4a:ec
1707960038.5802088,47:7c:87:d6:4a:ec
1707960038.6039586,47:7c:87:d6:4a:ec
1707960038.6589592,47:7c:87:d6:4a:ec
1707960038.6864593,47:7c:87:d6:4a:ec
1707960038.7152095,47:7c:87:d6:4a:ec
1707960038.7402096,47:7c:87:d6:4a:ec
1707960038.7602096,47:7c:87:d6:4a:ec
1707960038.7852094,47:7c:87:d6:4a:ec
1707960038.8127096,47:7c:87:d6:4a:ec
1707960038.83771,47:7c:87:d6:4a:ec
1707960038.86646,47:7c:87:d6:4a:ec
1707960038.8939602,47:7c:87:d6:4a:ec
1707960038.9164605,47:7c:87:d6:4a:ec
1707960038.9427104,47:7c:87:d6:4a:ec
1707960038.9714608,47:7c:87:d6:4a:ec
1707960038.996461,47:7c:87:d6:4a:ec
1707960039.0239606,47:7c:87:d6:4a:ec
1707960039.0464609,47:7c:87:d6:4a:ec
1707960039.067711,47:7c:87:d6:4a:ec
1707960039.0964613,47:7c:87:d6:4a:ec
1707960039.1202114,47:7c:87:d6:4a:ec
1707960039.1439614,47:7c:87:d6:4a:ec
1707960039.1652117,47:7c:87:d6:4a:ec
1707960039.188962,47:7c:87:d6:4a:ec
1707960039.2164621,47:7c:87:d6:4a:ec
1707960039.2614622,47:7c:87:d6:4a:ec
1707960039.2902124,47:7c:87:d6:4a:ec
1707960039.3102121,47:7c:87:d6:4a:ec
1707960039.3327124,47:7c:87:d6:4a:ec
1707960039.3564625,47:7c:87:d6:4a:ec
1707960039.3839629,47:7c:87:d6:4a:ec
1707960039.407713,47:7c:87:d6:4a:ec
1707960039.4314632,47:7c:87:d6:4a:ec
1707960039.4539633,47:7c:87:d6:4a:ec
1707960039.4752133,47:7c:87:d6:4a:ec
1707960039.4977136,47:7c:87:d6:4a:ec
1707960039.5252135,47:7c:87:d6:4a:ec
1707960039.545214,47:7c:87:d6:4a:ec
1707960039.566464,47:7c:87:d6:4a:ec
1707960039.586464,47:7c:87:d6:4a:ec
1707960039.6339638,47:7c:87:d6:4a:ec
1707960039.653964,47:7c:87:d6:4a:ec
1707960039.6827142,47:7c:87:d6:4a:ec
1707960039.7064643,47:7c:87:d6:4a:ec
1707960039.7327147,47:7c:87:d6:4a:ec
1707960039.7527144,47:7c:87:d6:4a:ec
1707960039.775215,47:7c:87:d6:4a:ec
1707960039.803965,47:7c:87:d6:4a:ec
1707960039.825215,47:7c:87:d6:4a:ec
1707960039.8702152,47:7c:87:d6:4a:ec
1707960039.8964655,47:7c:87:d6:4a:ec
1707960039.9527159,47:7c:87:d6:4a:ec
1707960039.978966,47:7c:87:d6:4a:ec
1707960040.003966,47:7c:87:d6:4a:ec
1707960040.031466,47:7c:87:d6:4a:ec
1707960040.0527165,47:7c:87:d6:4a:ec
1707960040.073966,47:7c:87:d6:4a:ec
1707960040.1027164,47:7c:87:d6:4a:ec
1707960040.1302168,47:7c:87:d6:4a:ec
1707960040.1514668,47:7c:87:d6:4a:ec
1707960040.1714668,47:7c:87:d6:4a:ec
1707960040.1989672,47:7c:87:d6:4a:ec
1707960040.2214673,47:7c:87:d6:4a:ec
1707960040.2489672,47:7c:87:d6:4a:ec
1707960040.2777178,47:7c:87:d6:4a:ec
1707960040.2989676,47:7c:87:d6:4a:ec
1707960040.3239677,47:7c:87:d6:4a:ec
1707960040.3477182,47:7c:87:d6:4a:ec
1707960040.375218,47:7c:87:d6:4a:ec
1707960040.3989685,47:7c:87:d6:4a:ec
1707960040.420218,47:7c:87:d6:4a:ec
1707960040.4477184,47:7c:87:d6:4a:ec
1707960040.4677186,47:7c:87:d6:4a:ec
1707960040.492719,47:7c:87:d6:4a:ec
1707960040.516469,47:7c:87:d6:4a:ec
1707960040.561469,47:7c:87:d6:4a:ec
1707960040.5827193,47:7c:87:d6:4a:ec
1707960040.6064694,47:7c:87:d6:4a:ec
1707960040.6314692,47:7c:87:d6:4a:ec
1707960040.6577196,47:7c:87:d6:4a:ec
1707960040.6814697,47:7c:87:d6:4a:ec
1707960040.70397,47:7c:87:d6:4a:ec
1707960040.7289698,47:7c:87:d6:4a:ec
1707960040.7539701,47:7c:87:d6:4a:ec
1707960040.7802215,47:7c:87:d6:4a:ec
1707960040.8027215,47:7c:87:d6:4a:ec
1707960040.827721,47:7c:87:d6:4a:ec
1707960040.8752215,47:7c:87:d6:4a:ec
1707960040.9002216,47:7c:87:d6:4a:ec
1707960040.927722,47:7c:87:d6:4a:ec
1707960040.952722,47:7c:87:d6:4a:ec
1707960040.9764724,47:7c:87:d6:4a:ec
1707960041.0002224,47:7c:87:d6:4a:ec
1707960041.0239723,47:7c:87:d6:4a:ec
1707960041.0527227,47:7c:87:d6:4a:ec
1707960041.076473,47:7c:87:d6:4a:ec
1707960041.1052227,47:7c:87:d6:4a:ec
1707960041.1252227,47:7c:87:d6:4a:ec
1707960041.152723,47:7c:87:d6:4a:ec
1707960041.180223,47:7c:87:d6:4a:ec
1707960041.2027235,47:7c:87:d6:4a:ec
1707960041.2289734,47:7c:87:d6:4a:ec
1707960041.2527237,47:7c:87:d6:4a:ec
1707960041.2789738,47:7c:87:d6:4a:ec
1707960041.305224,47:7c:87:d6:4a:ec
1707960041.3327236,47:7c:87:d6:4a:ec
1707960041.3527238,47:7c:87:d6:4a:ec
1707960041.3764744,47:7c:87:d6:4a:ec
1707960041.4002244,47:7c:87:d6:4a:ec
1707960041.4264746,47:7c:87:d6:4a:ec
1707960041.4527245,47:7c:87:d6:4a:ec
1707960041.4752247,47:7c:87:d6:4a:ec
1707960041.4989748,47:7c:87:d6:4a:ec
1707960041.5764751,47:7c:87:d6:4a:ec
1707960041.5977252,47:7c:87:d6:4a:ec
1707960041.6177254,47:7c:87:d6:4a:ec
1707960041.6464756,47:7c:87:d6:4a:ec
1707960041.6739762,47:7c:87:d6:4a:ec
1707960041.701476,47:7c:87:d6:4a:ec
1707960041.7227259,47:7c:87:d6:4a:ec
1707960041.7514763,47:7c:87:d6:4a:ec
1707960041.7727263,47:7c:87:d6:4a:ec
1707960041.7952266,47:7c:87:d6:4a:ec
1707960041.8164766,47:7c:87:d6:4a:ec
1707960041.8439767,47:7c:87:d6:4a:ec
1707960041.872727,47:7c:87:d6:4a:ec
1707960041.892727,47:7c:87:d6:4a:ec
1707960041.9189773,47:7c:87:d6:4a:ec
1707960041.9452271,47:7c:87:d6:4a:ec
1707960041.9677274,47:7c:87:d6:4a:ec
1707960041.9889772,47:7c:87:d6:4a:ec
1707960042.0152273,47:7c:87:d6:4a:ec
1707960042.0427277,47:7c:87:d6:4a:ec
1707960042.0702279,47:7c:87:d6:4a:ec
1707960042.097728,47:7c:87:d6:4a:ec
1707960042.125228,47:7c:87:d6:4a:ec
1707960042.1477282,47:7c:87:d6:4a:ec
1707960042.1739783,47:7c:87:d6:4a:ec
1707960042.1939783,47:7c:87:d6:4a:ec
1707960042.2177284,47:7c:87:d6:4a:ec
1707960042.240229,47:7c:87:d6:4a:ec
1707960042.265229,47:7c:87:d6:4a:ec
1707960042.293979,47:7c:87:d6:4a:ec
1707960042.3164792,47:7c:87:d6:4a:ec
1707960042.3439794,47:7c:87:d6:4a:ec
1707960042.3639793,47:7c:87:d6:4a:ec
1707960042.3902295,47:7c:87:d6:4a:ec
1707960042.4114797,47:7c:87:d6:4a:ec
1707960042.4364796,47:7c:87:d6:4a:ec
1707960042.49023,47:7c:87:d6:4a:ec
1707960042.51148,47:7c:87:d6:4a:ec
1707960042.5314803,47:7c:87:d6:4a:ec
1707960042.5527303,47:7c:87:d6:4a:ec
1707960042.5739806,47:7c:87:d6:4a:ec
1707960042.5989807,47:7c:87:d6:4a:ec
1707960042.6227307,47:7c:87:d6:4a:ec
1707960042.6427307,47:7c:87:d6:4a:ec
1707960042.666481,47:7c:87:d6:4a:ec
1707960042.690231,47:7c:87:d6:4a:ec
1707960042.7102308,47:7c:87:d6:4a:ec
1707960042.7389812,47:7c:87:d6:4a:ec
1707960042.7677314,47:7c:87:d6:4a:ec
1707960042.7877316,47:7c:87:d6:4a:ec
1707960042.8089814,47:7c:87:d6:4a:ec
1707960042.836482,47:7c:87:d6:4a:ec
1707960042.8889823,47:7c:87:d6:4a:ec
1707960042.910232,47:7c:87:d6:4a:ec
1707960042.930232,47:7c:87:d6:4a:ec
1707960042.9552324,47:7c:87:d6:4a:ec
1707960042.9764826,47:7c:87:d6:4a:ec
1707960042.9989824,47:7c:87:d6:4a:ec
1707960043.0239828,47:7c:87:d6:4a:ec
1707960043.066483,47:7c:87:d6:4a:ec
1707960043.0864832,47:7c:87:d6:4a:ec
1707960043.1139834,47:7c:87:d6:4a:ec
1707960043.1377335,47:7c:87:d6:4a:ec
1707960043.1602335,47:7c:87:d6:4a:ec
1707960043.1839836,47:7c:87:d6:4a:ec
1707960043.2114837,47:7c:87:d6:4a:ec
1707960043.233984,47:7c:87:d6:4a:ec
1707960043.2564838,47:7c:87:d6:4a:ec
1707960043.276484,47:7c:87:d6:4a:ec
1707960043.3039842,47:7c:87:d6:4a:ec
1707960043.3252344,47:7c:87:d6:4a:ec
1707960043.3464844,47:7c:87:d6:4a:ec
1707960043.3864846,47:7c:87:d6:4a:ec
1707960043.4089847,47:7c:87:d6:4a:ec
1707960043.428985,47:7c:87:d6:4a:ec
1707960043.4564853,47:7c:87:d6:4a:ec
1707960043.482735,47:7c:87:d6:4a:ec
1707960043.5039854,47:7c:87:d6:4a:ec
1707960043.5252352,47:7c:87:d6:4a:ec
1707960043.5777357,47:7c:87:d6:4a:ec
1707960043.5977356,47:7c:87:d6:4a:ec
1707960043.622736,47:7c:87:d6:4a:ec
1707960043.6489859,47:7c:87:d6:4a:ec
1707960043.6752362,47:7c:87:d6:4a:ec
1707960043.6952364,47:7c:87:d6:4a:ec
1707960043.7214866,47:7c:87:d6:4a:ec
1707960043.7464864,47:7c:87:d6:4a:ec
1707960043.7702365,47:7c:87:d6:4a:ec
1707960043.7964866,47:7c:87:d6:4a:ec
1707960043.821487,47:7c:87:d6:4a:ec
1707960043.843987,47:7c:87:d6:4a:ec
1707960043.8677368,47:7c:87:d6:4a:ec
1707960043.890237,47:7c:87:d6:4a:ec
1707960043.9139874,47:7c:87:d6:4a:ec
1707960043.9377377,47:7c:87:d6:4a:ec
1707960043.9639876,47:7c:87:d6:4a:ec
1707960043.9839878,47:7c:87:d6:4a:ec
1707960044.0064876,47:7c:87:d6:4a:ec
1707960044.0277379,47:7c:87:d6:4a:ec
1707960044.0739882,47:7c:87:d6:4a:ec
1707960044.100238,47:7c:87:d6:4a:ec
1707960044.1277382,47:7c:87:d6:4a:ec
1707960044.1552384,47:7c:87:d6:4a:ec
1707960044.1789887,47:7c:87:d6:4a:ec
1707960044.230239,47:7c:87:d6:4a:ec
1707960044.256489,47:7c:87:d6:4a:ec
1707960044.276489,47:7c:87:d6:4a:ec
1707960044.2977393,47:7c:87:d6:4a:ec
1707960044.3227396,47:7c:87:d6:4a:ec
1707960044.3452396,47:7c:87:d6:4a:ec
1707960044.3702397,47:7c:87:d6:4a:ec
1707960044.3939898,47:7c:87:d6:4a:ec
1707960044.4152403,47:7c:87:d6:4a:ec
1707960044.4639902,47:7c:87:d6:4a:ec
1707960044.5139906,47:7c:87:d6:4a:ec
1707960044.5364907,47:7c:87:d6:4a:ec
1707960044.5652409,47:7c:87:d6:4a:ec
1707960044.5927405,47:7c:87:d6:4a:ec
1707960044.621491,47:7c:87:d6:4a:ec
1707960044.643991,47:7c:87:d6:4a:ec
1707960044.6664913,47:7c:87:d6:4a:ec
1707960044.6914914,47:7c:87:d6:4a:ec
1707960044.7139916,47:7c:87:d6:4a:ec
1707960044.7427416,47:7c:87:d6:4a:ec
1707960044.7639916,47:7c:87:d6:4a:ec
1707960044.7877417,47:7c:87:d6:4a:ec
1707960044.815242,47:7c:87:d6:4a:ec
1707960044.8402424,47:7c:87:d6:4a:ec
1707960044.8602421,47:7c:87:d6:4a:ec
1707960044.8864925,47:7c:87:d6:4a:ec
1707960044.9114923,47:7c:87:d6:4a:ec
1707960044.9364924,47:7c:87:d6:4a:ec
1707960044.9652426,47:7c:87:d6:4a:ec
1707960044.9914927,47:7c:87:d6:4a:ec
1707960045.016493,47:7c:87:d6:4a:ec
1707960045.0664935,47:7c:87:d6:4a:ec
1707960045.1152437,47:7c:87:d6:4a:ec
1707960045.1427436,47:7c:87:d6:4a:ec
1707960045.1664937,47:7c:87:d6:4a:ec
1707960045.187744,47:7c:87:d6:4a:ec
1707960045.2127438,47:7c:87:d6:4a:ec
1707960045.2342446,20:b9:97:2c:a0:d9
1707960045.2377443,47:7c:87:d6:4a:ec
1707960045.2839942,47:7c:87:d6:4a:ec
1707960045.3114944,47:7c:87:d6:4a:ec
1707960045.3314943,47:7c:87:d6:4a:ec
1707960045.3539946,47:7c:87:d6:4a:ec
1707960045.377745,47:7c:87:d6:4a:ec
1707960045.398995,47:7c:87:d6:4a:ec
1707960045.4214952,47:7c:87:d6:4a:ec
1707960045.441495,47:7c:87:d6:4a:ec
1707960045.4689953,47:7c:87:d6:4a:ec
1707960045.4977455,47:7c:87:d6:4a:ec
1707960045.5264955,47:7c:87:d6:4a:ec
1707960045.5464954,47:7c:87:d6:4a:ec
1707960045.5739958,47:7c:87:d6:4a:ec
1707960045.595246,47:7c:87:d6:4a:ec
1707960045.623996,47:7c:87:d6:4a:ec
1707960045.646496,47:7c:87:d6:4a:ec
1707960045.6727464,47:7c:87:d6:4a:ec
1707960045.6927466,47:7c:87:d6:4a:ec
1707960045.7202466,47:7c:87:d6:4a:ec
1707960045.7402465,47:7c:87:d6:4a:ec
1707960045.768997,47:7c:87:d6:4a:ec
1707960045.796497,47:7c:87:d6:4a:ec
1707960045.8239973,47:7c:87:d6:4a:ec
1707960045.8502474,47:7c:87:d6:4a:ec
1707960045.8752472,47:7c:87:d6:4a:ec
1707960045.9014976,47:7c:87:d6:4a:ec
1707960045.9239976,47:7c:87:d6:4a:ec
1707960045.9439979,47:7c:87:d6:4a:ec
1707960045.992748,47:7c:87:d6:4a:ec
1707960046.0177479,47:7c:87:d6:4a:ec
1707960046.0714984,47:7c:87:d6:4a:ec
1707960046.0939984,47:7c:87:d6:4a:ec
1707960046.1227486,47:7c:87:d6:4a:ec
1707960046.1464992,47:7c:87:d6:4a:ec
1707960046.167749,47:7c:87:d6:4a:ec
1707960046.191499,47:7c:87:d6:4a:ec
1707960046.2164989,47:7c:87:d6:4a:ec
1707960046.242749,47:7c:87:d6:4a:ec
1707960046.2639995,47:7c:87:d6:4a:ec
1707960046.2839994,47:7c:87:d6:4a:ec
1707960046.3102496,47:7c:87:d6:4a:ec
1707960046.3327496,47:7c:87:d6:4a:ec
1707960046.3552496,47:7c:87:d6:4a:ec
1707960046.3789997,47:7c:87:d6:4a:ec
1707960046.40275,47:7c:87:d6:4a:ec
1707960046.4315002,47:7c:87:d6:4a:ec
1707960046.4565005,47:7c:87:d6:4a:ec
1707960046.4777503,47:7c:87:d6:4a:ec
1707960046.4990003,47:7c:87:d6:4a:ec
1707960046.5202503,47:7c:87:d6:4a:ec
1707960046.5402508,47:7c:87:d6:4a:ec
1707960046.5877512,47:7c:87:d6:4a:ec
1707960046.612751,47:7c:87:d6:4a:ec
1707960046.632751,47:7c:87:d6:4a:ec
1707960046.6527512,47:7c:87:d6:4a:ec
1707960046.6790016,47:7c:87:d6:4a:ec
1707960046.7015016,47:7c:87:d6:4a:ec
1707960046.756502,47:7c:87:d6:4a:ec
1707960046.7827518,47:7c:87:d6:4a:ec
1707960046.8090024,47:7c:87:d6:4a:ec
1707960046.8352525,47:7c:87:d6:4a:ec
1707960046.8627524,47:7c:87:d6:4a:ec
1707960046.8865025,47:7c:87:d6:4a:ec
1707960046.931503,47:7c:87:d6:4a:ec
1707960046.960253,47:7c:87:d6:4a:ec
1707960046.981503,47:7c:87:d6:4a:ec
1707960047.0077534,47:7c:87:d6:4a:ec
1707960047.0340035,47:7c:87:d6:4a:ec
1707960047.0565033,47:7c:87:d6:4a:ec
1707960047.0777533,47:7c:87:d6:4a:ec
1707960047.106504,47:7c:87:d6:4a:ec
1707960047.130254,47:7c:87:d6:4a:ec
1707960047.150254,47:7c:87:d6:4a:ec
1707960047.195254,47:7c:87:d6:4a:ec
1707960047.2227545,47:7c:87:d6:4a:ec
1707960047.2502544,47:7c:87:d6:4a:ec
1707960047.2715044,47:7c:87:d6:4a:ec
1707960047.2965047,47:7c:87:d6:4a:ec
1707960047.3165047,47:7c:87:d6:4a:ec
1707960047.3415048,47:7c:87:d6:4a:ec
1707960047.3677552,47:7c:87:d6:4a:ec
1707960047.392755,47:7c:87:d6:4a:ec
1707960047.415255,47:7c:87:d6:4a:ec
1707960047.4427557,47:7c:87:d6:4a:ec
1707960047.4627554,47:7c:87:d6:4a:ec
1707960047.4865055,47:7c:87:d6:4a:ec
1707960047.515256,47:7c:87:d6:4a:ec
1707960047.542756,47:7c:87:d6:4a:ec
1707960047.5677564,47:7c:87:d6:4a:ec
1707960047.591506,47:7c:87:d6:4a:ec
1707960047.6202564,47:7c:87:d6:4a:ec
1707960047.6490066,47:7c:87:d6:4a:ec
1707960047.6727567,47:7c:87:d6:4a:ec
1707960047.7015066,47:7c:87:d6:4a:ec
1707960047.726507,47:7c:87:d6:4a:ec
1707960047.750257,47:7c:87:d6:4a:ec
1707960047.7765074,47:7c:87:d6:4a:ec
1707960047.7990072,47:7c:87:d6:4a:ec
1707960047.8277576,47:7c:87:d6:4a:ec
1707960047.8540077,47:7c:87:d6:4a:ec
1707960047.8790076,47:7c:87:d6:4a:ec
1707960047.905258,47:7c:87:d6:4a:ec
1707960047.929008,47:7c:87:d6:4a:ec
1707960047.9565082,47:7c:87:d6:4a:ec
1707960047.9790082,47:7c:87:d6:4a:ec
1707960048.0040083,47:7c:87:d6:4a:ec
1707960048.0765085,47:7c:87:d6:4a:ec
1707960048.0977588,47:7c:87:d6:4a:ec
1707960048.1265092,47:7c:87:d6:4a:ec
1707960048.151509,47:7c:87:d6:4a:ec
1707960048.1990094,47:7c:87:d6:4a:ec
1707960048.2240095,47:7c:87:d6:4a:ec
1707960048.25151,47:7c:87:d6:4a:ec
1707960048.2752595,47:7c:87:d6:4a:ec
1707960048.3027601,47:7c:87:d6:4a:ec
1707960048.3302598,47:7c:87:d6:4a:ec
1707960048.35401,47:7c:87:d6:4a:ec
1707960048.3777602,47:7c:87:d6:4a:ec
1707960048.3977602,47:7c:87:d6:4a:ec
1707960048.4190104,47:7c:87:d6:4a:ec
1707960048.4402606,47:7c:87:d6:4a:ec
1707960048.4602609,47:7c:87:d6:4a:ec
1707960048.4840107,47:7c:87:d6:4a:ec
1707960048.504011,47:7c:87:d6:4a:ec
1707960048.552761,47:7c:87:d6:4a:ec
1707960048.5727613,47:7c:87:d6:4a:ec
1707960048.5940113,47:7c:87:d6:4a:ec
1707960048.6465116,47:7c:87:d6:4a:ec
1707960048.6677618,47:7c:87:d6:4a:ec
1707960048.695262,47:7c:87:d6:4a:ec
1707960048.7152617,47:7c:87:d6:4a:ec
1707960048.7352622,47:7c:87:d6:4a:ec
1707960048.755262,47:7c:87:d6:4a:ec
1707960048.7765124,47:7c:87:d6:4a:ec
1707960048.8040125,47:7c:87:d6:4a:ec
1707960048.8315125,47:7c:87:d6:4a:ec
1707960048.8590126,47:7c:87:d6:4a:ec
1707960048.886513,47:7c:87:d6:4a:ec
1707960048.9090128,47:7c:87:d6:4a:ec
1707960048.929013,47:7c:87:d6:4a:ec
1707960048.954013,47:7c:87:d6:4a:ec
1707960048.9815135,47:7c:87:d6:4a:ec
1707960049.0290134,47:7c:87:d6:4a:ec
1707960049.054014,47:7c:87:d6:4a:ec
1707960049.079014,47:7c:87:d6:4a:ec
1707960049.0990138,47:7c:87:d6:4a:ec
1707960049.1240141,47:7c:87:d6:4a:ec
1707960049.1440141,47:7c:87:d6:4a:ec
1707960049.1690145,47:7c:87:d6:4a:ec
1707960049.1965144,47:7c:87:d6:4a:ec
1707960049.2190146,47:7c:87:d6:4a:ec
1707960049.2390146,47:7c:87:d6:4a:ec
1707960049.266515,47:7c:87:d6:4a:ec
1707960049.286515,47:7c:87:d6:4a:ec
1707960049.3440151,47:7c:87:d6:4a:ec
1707960049.3715155,47:7c:87:d6:4a:ec
1707960049.4002655,47:7c:87:d6:4a:ec
1707960049.4252656,47:7c:87:d6:4a:ec
1707960049.4540155,47:7c:87:d6:4a:ec
1707960049.481516,47:7c:87:d6:4a:ec
1707960049.5077662,47:7c:87:d6:4a:ec
1707960049.534016,47:7c:87:d6:4a:ec
1707960049.5827663,47:7c:87:d6:4a:ec
1707960049.6065166,47:7c:87:d6:4a:ec
1707960049.6315165,47:7c:87:d6:4a:ec
1707960049.6552668,47:7c:87:d6:4a:ec
1707960049.6752667,47:7c:87:d6:4a:ec
1707960049.697767,47:7c:87:d6:4a:ec
1707960049.7227674,47:7c:87:d6:4a:ec
1707960049.7465174,47:7c:87:d6:4a:ec
1707960049.8015175,47:7c:87:d6:4a:ec
1707960049.8290176,47:7c:87:d6:4a:ec
1707960049.8502676,47:7c:87:d6:4a:ec
1707960049.8715177,47:7c:87:d6:4a:ec
1707960049.897768,47:7c:87:d6:4a:ec
1707960049.9240181,47:7c:87:d6:4a:ec
1707960049.9527683,47:7c:87:d6:4a:ec
1707960049.9815185,47:7c:87:d6:4a:ec
1707960050.0052683,47:7c:87:d6:4a:ec
1707960050.0315187,47:7c:87:d6:4a:ec
1707960050.0577688,47:7c:87:d6:4a:ec
1707960050.084019,47:7c:87:d6:4a:ec
1707960050.104019,47:7c:87:d6:4a:ec
1707960050.1327693,47:7c:87:d6:4a:ec
1707960050.1852696,47:7c:87:d6:4a:ec
1707960050.2140198,47:7c:87:d6:4a:ec
1707960050.24027,47:7c:87:d6:4a:ec
1707960050.2927701,47:7c:87:d6:4a:ec
1707960050.3140202,47:7c:87:d6:4a:ec
1707960050.3390203,47:7c:87:d6:4a:ec
1707960050.3665204,47:7c:87:d6:4a:ec
1707960050.3952706,47:7c:87:d6:4a:ec
1707960050.4202704,47:7c:87:d6:4a:ec
1707960050.4490209,47:7c:87:d6:4a:ec
1707960050.472771,47:7c:87:d6:4a:ec
1707960050.495271,47:7c:87:d6:4a:ec
1707960050.515271,47:7c:87:d6:4a:ec
1707960050.5365212,47:7c:87:d6:4a:ec
1707960050.5590212,47:7c:87:d6:4a:ec
1707960050.5852716,47:7c:87:d6:4a:ec
1707960050.6090214,47:7c:87:d6:4a:ec
1707960050.6352718,47:7c:87:d6:4a:ec
1707960050.6640215,47:7c:87:d6:4a:ec
1707960050.684022,47:7c:87:d6:4a:ec
1707960050.704022,47:7c:87:d6:4a:ec
1707960050.7302723,47:7c:87:d6:4a:ec
1707960050.7552722,47:7c:87:d6:4a:ec
1707960050.7827725,47:7c:87:d6:4a:ec
1707960050.8040226,47:7c:87:d6:4a:ec
1707960050.850273,47:7c:87:d6:4a:ec
1707960050.870273,47:7c:87:d6:4a:ec
1707960050.9152732,47:7c:87:d6:4a:ec
1707960050.9390235,47:7c:87:d6:4a:ec
1707960050.9665234,47:7c:87:d6:4a:ec
1707960050.9952736,47:7c:87:d6:4a:ec
1707960051.0240235,47:7c:87:d6:4a:ec
1707960051.045274,47:7c:87:d6:4a:ec
1707960051.070274,47:7c:87:d6:4a:ec
1707960051.0940244,47:7c:87:d6:4a:ec
1707960051.117774,47:7c:87:d6:4a:ec
1707960051.1615243,47:7c:87:d6:4a:ec
1707960051.1865244,47:7c:87:d6:4a:ec
1707960051.2090247,47:7c:87:d6:4a:ec
1707960051.2290244,47:7c:87:d6:4a:ec
1707960051.2502747,47:7c:87:d6:4a:ec
1707960051.2765248,47:7c:87:d6:4a:ec
1707960051.3040254,47:7c:87:d6:4a:ec
1707960051.330275,47:7c:87:d6:4a:ec
1707960051.3540256,47:7c:87:d6:4a:ec
1707960051.3765256,47:7c:87:d6:4a:ec
1707960051.3965254,47:7c:87:d6:4a:ec
1707960051.422776,47:7c:87:d6:4a:ec
1707960051.471526,47:7c:87:d6:4a:ec
1707960051.4927764,47:7c:87:d6:4a:ec
1707960051.5152762,47:7c:87:d6:4a:ec
1707960051.5352764,47:7c:87:d6:4a:ec
1707960051.5615263,47:7c:87:d6:4a:ec
1707960051.5865266,47:7c:87:d6:4a:ec
1707960051.6127768,47:7c:87:d6:4a:ec
1707960051.640277,47:7c:87:d6:4a:ec
1707960051.6615272,47:7c:87:d6:4a:ec
1707960051.6815271,47:7c:87:d6:4a:ec
1707960051.7052772,47:7c:87:d6:4a:ec
1707960051.7302775,47:7c:87:d6:4a:ec
1707960051.752777,47:7c:87:d6:4a:ec
1707960051.7740273,47:7c:87:d6:4a:ec
1707960051.7990274,47:7c:87:d6:4a:ec
1707960051.8265276,47:7c:87:d6:4a:ec
1707960051.850278,47:7c:87:d6:4a:ec
1707960051.8952782,47:7c:87:d6:4a:ec
1707960051.9190283,47:7c:87:d6:4a:ec
1707960051.9715285,47:7c:87:d6:4a:ec
1707960051.9977784,47:7c:87:d6:4a:ec
1707960052.0265288,47:7c:87:d6:4a:ec
1707960052.0515292,47:7c:87:d6:4a:ec
1707960052.0740292,47:7c:87:d6:4a:ec
1707960052.0965292,47:7c:87:d6:4a:ec
1707960052.1177795,47:7c:87:d6:4a:ec
1707960052.1390295,47:7c:87:d6:4a:ec
1707960052.1615293,47:7c:87:d6:4a:ec
1707960052.1877797,47:7c:87:d6:4a:ec
1707960052.2127798,47:7c:87:d6:4a:ec
1707960052.2327797,47:7c:87:d6:4a:ec
1707960052.25903,47:7c:87:d6:4a:ec
1707960052.27903,47:7c:87:d6:4a:ec
1707960052.3015301,47:7c:87:d6:4a:ec
1707960052.3252802,47:7c:87:d6:4a:ec
1707960052.3527806,47:7c:87:d6:4a:ec
1707960052.3815305,47:7c:87:d6:4a:ec
1707960052.4065309,47:7c:87:d6:4a:ec
1707960052.4315307,47:7c:87:d6:4a:ec
1707960052.4565308,47:7c:87:d6:4a:ec
1707960052.479031,47:7c:87:d6:4a:ec
1707960052.5077815,47:7c:87:d6:4a:ec
1707960052.531531,47:7c:87:d6:4a:ec
1707960052.5515313,47:7c:87:d6:4a:ec
1707960052.580282,47:7c:87:d6:4a:ec
1707960052.6290324,47:7c:87:d6:4a:ec
1707960052.6577823,47:7c:87:d6:4a:ec
1707960052.6827824,47:7c:87:d6:4a:ec
1707960052.7115324,47:7c:87:d6:4a:ec
1707960052.739033,47:7c:87:d6:4a:ec
1707960052.7640328,47:7c:87:d6:4a:ec
1707960052.787783,47:7c:87:d6:4a:ec
1707960052.7977164,50:20:61:af:83:33
1707960052.8115327,47:7c:87:d6:4a:ec
1707960052.8390334,47:7c:87:d6:4a:ec
1707960052.8727834,47:7c:87:d6:4a:ec
1707960053.9740448,47:7c:87:d6:4a:ec
1707960054.5240476,47:7c:87:d6:4a:ec
1707960055.0765505,47:7c:87:d6:4a:ec
1707960055.6303034,47:7c:87:d6:4a:ec
1707960056.176556,47:7c:87:d6:4a:ec
1707960056.7228086,47:7c:87:d6:4a:ec
1707960057.2715616,47:7c:87:d6:4a:ec
1707960057.825314,47:7c:87:d6:4a:ec
1707960058.3740673,47:7c:87:d6:4a:ec
1707960058.92907,47:7c:87:d6:4a:ec
1707960059.4840727,47:7c:87:d6:4a:ec
1707960060.0378253,47:7c:87:d6:4a:ec
1707960060.591578,47:7c:87:d6:4a:ec
1707960061.1415808,47:7c:87:d6:4a:ec
1707960061.694084,47:7c:87:d6:4a:ec
1707960062.249094,47:7c:87:d6:4a:ec
1707960062.8028524,47:7c:87:d6:4a:ec
1707960063.3528621,47:7c:87:d6:4a:ec
1707960063.9041207,47:7c:87:d6:4a:ec
1707960064.4541295,47:7c:87:d6:4a:ec
1707960065.0078886,47:7c:87:d6:4a:ec
1707960065.5628982,47:7c:87:d6:4a:ec
1707960066.1141574,47:7c:87:d6:4a:ec
1707960066.6604168,47:7c:87:d6:4a:ec
1707960067.207925,47:7c:87:d6:4a:ec
1707960067.7579336,47:7c:87:d6:4a:ec
1707960068.3079429,47:7c:87:d6:4a:ec
1707960068.8629525,47:7c:87:d6:4a:ec
1707960069.4154613,47:7c:87:d6:4a:ec
1707960069.9642212,47:7c:87:d6:4a:ec
1707960070.5117304,47:7c:87:d6:4a:ec
1707960072.168009,47:7c:87:d6:4a:ec
1707960072.7180188,47:7c:87:d6:4a:ec
1707960073.2642777,47:7c:87:d6:4a:ec
1707960073.8117876,47:7c:87:d6:4a:ec
1707960076.5593333,47:7c:87:d6:4a:ec
1707960077.1143422,47:7c:87:d6:4a:ec
1707960077.6643496,47:7c:87:d6:4a:ec
1707960078.2193587,47:7c:87:d6:4a:ec
1707960078.7731168,47:7c:87:d6:4a:ec
1707960079.080621,4c:87:5d:cb:08:f1
1707960079.6306238,4c:87:5d:cb:08:f1
1707960080.1781268,4c:87:5d:cb:08:f1
1707960080.730634,4c:87:5d:cb:08:f1
1707960081.281894,4c:87:5d:cb:08:f1
1707960081.8306527,4c:87:5d:cb:08:f1
1707960082.3794105,4c:87:5d:cb:08:f1
1707960082.92942,4c:87:5d:cb:08:f1
1707960083.4794283,4c:87:5d:cb:08:f1
1707960084.0294404,4c:87:5d:cb:08:f1
1707960084.5756977,4c:87:5d:cb:08:f1
1707960085.6757166,4c:87:5d:cb:08:f1
1707960086.228226,4c:87:5d:cb:08:f1
1707960086.778234,4c:87:5d:cb:08:f1
1707960087.3257425,4c:87:5d:cb:08:f1
1707960087.8757515,4c:87:5d:cb:08:f1
1707960088.4232595,4c:87:5d:cb:08:f1
1707960088.9707694,4c:87:5d:cb:08:f1
1707960089.5220284,4c:87:5d:cb:08:f1
1707960090.0757883,4c:87:5d:cb:08:f1
1707960090.6307967,4c:87:5d:cb:08:f1
1707960091.185806,4c:87:5d:cb:08:f1
1707960091.7370658,4c:87:5d:cb:08:f1
1707960092.8408327,4c:87:5d:cb:08:f1
1707960093.3958397,4c:87:5d:cb:08:f1
1707960093.9420924,4c:87:5d:cb:08:f1
1707960094.4958453,4c:87:5d:cb:08:f1
1707960095.0495987,4c:87:5d:cb:08:f1
1707960095.5958576,4c:87:5d:cb:08:f1
1707960096.1483662,4c:87:5d:cb:08:f1
1707960096.694625,4c:87:5d:cb:08:f1
1707960097.247131,4c:87:5d:cb:08:f1
1707960097.7996342,4c:87:5d:cb:08:f1
1707960098.352137,4c:87:5d:cb:08:f1
1707960098.90339,4c:87:5d:cb:08:f1
1707960099.4533925,4c:87:5d:cb:08:f1
1707960100.0071454,4c:87:5d:cb:08:f1
1707960100.5558982,4c:87:5d:cb:08:f1
1707960101.103401,4c:87:5d:cb:08:f1
1707960102.2021565,4c:87:5d:cb:08:f1
1707960102.7571597,4c:87:5d:cb:08:f1
1707960103.3071623,4c:87:5d:cb:08:f1
1707960103.857165,4c:87:5d:cb:08:f1
1707960104.4121678,4c:87:5d:cb:08:f1
1707960105.5196736,4c:87:5d:cb:08:f1
1707960106.0671763,4c:87:5d:cb:08:f1
1707960106.622179,4c:87:5d:cb:08:f1
1707960107.1734369,4c:87:5d:cb:08:f1
1707960107.7196965,4c:87:5d:cb:08:f1
1707960108.828464,4c:87:5d:cb:08:f1
1707960109.382223,4c:87:5d:cb:08:f1
1707960109.9309816,4c:87:5d:cb:08:f1
1707960110.4834912,4c:87:5d:cb:08:f1
1707960111.5872593,4c:87:5d:cb:08:f1
1707960112.1360188,4c:87:5d:cb:08:f1
1707960112.691028,4c:87:5d:cb:08:f1
1707960113.2460356,4c:87:5d:cb:08:f1
1707960113.7997956,4c:87:5d:cb:08:f1
1707960114.8948126,4c:87:5d:cb:08:f1
1707960115.4410717,4c:87:5d:cb:08:f1
1707960115.989831,4c:87:5d:cb:08:f1
1707960116.5410893,4c:87:5d:cb:08:f1
1707960117.0923476,4c:87:5d:cb:08:f1
1707960117.644856,4c:87:5d:cb:08:f1
1707960118.1973646,4c:87:5d:cb:08:f1
1707960118.7511244,4c:87:5d:cb:08:f1
1707960119.2986326,4c:87:5d:cb:08:f1
1707960119.8511405,4c:87:5d:cb:08:f1
1707960121.5061662,4c:87:5d:cb:08:f1
1707960122.0549262,4c:87:5d:cb:08:f1
1707960123.1599405,4c:87:5d:cb:08:f1
1707960123.7074432,4c:87:5d:cb:08:f1
1707960124.253696,4c:87:5d:cb:08:f1
1707960124.8011987,4c:87:5d:cb:08:f1
1707960126.451207,4c:87:5d:cb:08:f1
1707960127.0012095,4c:87:5d:cb:08:f1
1707960127.5562124,4c:87:5d:cb:08:f1
1707960128.106215,4c:87:5d:cb:08:f1
1707960128.6587174,4c:87:5d:cb:08:f1
1707960129.21247,4c:87:5d:cb:08:f1
1707960129.762473,4c:87:5d:cb:08:f1
1707960130.3174758,4c:87:5d:cb:08:f1
1707960130.8712287,4c:87:5d:cb:08:f1
1707960131.4174814,4c:87:5d:cb:08:f1
1707960131.963734,4c:87:5d:cb:08:f1
1707960132.5099866,4c:87:5d:cb:08:f1
1707960133.0612395,4c:87:5d:cb:08:f1
1707960133.6099918,4c:87:5d:cb:08:f1
1707960134.1649961,4c:87:5d:cb:08:f1
1707960134.7150044,4c:87:5d:cb:08:f1
1707960135.2675116,4c:87:5d:cb:08:f1
1707960135.8187642,4c:87:5d:cb:08:f1
1707960136.370017,4c:87:5d:cb:08:f1
1707960136.9187696,4c:87:5d:cb:08:f1
1707960137.4700224,4c:87:5d:cb:08:f1
1707960138.023775,4c:87:5d:cb:08:f1
1707960138.5762777,4c:87:5d:cb:08:f1
1707960139.1287806,4c:87:5d:cb:08:f1
1707960139.6800332,4c:87:5d:cb:08:f1
1707960140.2262862,4c:87:5d:cb:08:f1
1707960140.7800465,4c:87:5d:cb:08:f1
1707960141.3263044,4c:87:5d:cb:08:f1
1707960141.877557,4c:87:5d:cb:08:f1
1707960142.4263096,4c:87:5d:cb:08:f1
1707960142.9800625,4c:87:5d:cb:08:f1
1707960143.527565,4c:87:5d:cb:08:f1
1707960144.0825677,4c:87:5d:cb:08:f1
1707960144.6300704,4c:87:5d:cb:08:f1
1707960145.178823,4c:87:5d:cb:08:f1
1707960145.7250757,4c:87:5d:cb:08:f1
1707960146.2738283,4c:87:5d:cb:08:f1
1707960146.827581,4c:87:5d:cb:08:f1
1707960147.3788335,4c:87:5d:cb:08:f1
1707960147.9288363,4c:87:5d:cb:08:f1
1707960148.4750888,4c:87:5d:cb:08:f1
1707960149.0250914,4c:87:5d:cb:08:f1
1707960149.5713441,4c:87:5d:cb:08:f1
1707960150.120097,4c:87:5d:cb:08:f1
1707960150.668849,4c:87:5d:cb:08:f1
1707960151.222602,4c:87:5d:cb:08:f1
1707960151.7763546,4c:87:5d:cb:08:f1
1707960152.3251073,4c:87:5d:cb:08:f1
1707960152.8726141,4c:87:5d:cb:08:f1
1707960153.4213738,4c:87:5d:cb:08:f1
1707960153.9688766,4c:87:5d:cb:08:f1
1707960155.0638816,4c:87:5d:cb:08:f1
1707960155.6113842,4c:87:5d:cb:08:f1
1707960156.1576371,4c:87:5d:cb:08:f1
1707960156.7126393,4c:87:5d:cb:08:f1
1707960157.266392,4c:87:5d:cb:08:f1
1707960157.8163946,4c:87:5d:cb:08:f1
1707960158.3663971,4c:87:5d:cb:08:f1
1707960158.9164,4c:87:5d:cb:08:f1
1707960159.4639022,4c:87:5d:cb:08:f1
1707960160.012655,4c:87:5d:cb:08:f1
1707960160.567658,4c:87:5d:cb:08:f1
1707960161.1214106,4c:87:5d:cb:08:f1
1707960161.6726632,4c:87:5d:cb:08:f1
1707960162.2214203,4c:87:5d:cb:08:f1
1707960162.7714293,4c:87:5d:cb:08:f1
1707960163.3214376,4c:87:5d:cb:08:f1
1707960163.8764467,4c:87:5d:cb:08:f1
1707960164.4314563,4c:87:5d:cb:08:f1
1707960164.9777143,4c:87:5d:cb:08:f1
1707960165.531473,4c:87:5d:cb:08:f1
1707960166.0839815,4c:87:5d:cb:08:f1
1707960166.6352406,4c:87:5d:cb:08:f1
1707960167.1839995,4c:87:5d:cb:08:f1
1707960167.7315097,4c:87:5d:cb:08:f1
1707960168.2827685,4c:87:5d:cb:08:f1
1707960168.8352773,4c:87:5d:cb:08:f1
1707960169.3877854,4c:87:5d:cb:08:f1
1707960169.939044,4c:87:5d:cb:08:f1
1707960170.4853034,4c:87:5d:cb:08:f1
1707960171.0340624,4c:87:5d:cb:08:f1
1707960171.5803201,4c:87:5d:cb:08:f1
1707960172.131579,4c:87:5d:cb:08:f1
1707960172.6815865,4c:87:5d:cb:08:f1
1707960173.2328458,4c:87:5d:cb:08:f1
1707960173.7853544,4c:87:5d:cb:08:f1
1707960174.332863,4c:87:5d:cb:08:f1
1707960174.8803716,4c:87:5d:cb:08:f1
1707960175.43288,4c:87:5d:cb:08:f1
1707960175.9816394,4c:87:5d:cb:08:f1
1707960176.5291476,4c:87:5d:cb:08:f1
1707960177.0816574,4c:87:5d:cb:08:f1
1707960177.635417,4c:87:5d:cb:08:f1
1707960178.1841757,4c:87:5d:cb:08:f1
1707960178.7354357,4c:87:5d:cb:08:f1
1707960179.2816944,4c:87:5d:cb:08:f1
1707960179.8329525,4c:87:5d:cb:08:f1
1707960180.3867116,4c:87:5d:cb:08:f1
1707960180.9367194,4c:87:5d:cb:08:f1
1707960181.4829767,4c:87:5d:cb:08:f1
1707960182.0342364,4c:87:5d:cb:08:f1
1707960182.5804954,4c:87:5d:cb:08:f1
1707960183.1267545,4c:87:5d:cb:08:f1
1707960183.674263,4c:87:5d:cb:08:f1
1707960184.2230217,4c:87:5d:cb:08:f1
1707960184.7742803,4c:87:5d:cb:08:f1
1707960185.3280394,4c:87:5d:cb:08:f1
1707960185.8780482,4c:87:5d:cb:08:f1
1707960186.4243076,4c:87:5d:cb:08:f1
1707960186.9793153,4c:87:5d:cb:08:f1
1707960187.5330746,4c:87:5d:cb:08:f1
1707960188.641842,4c:87:5d:cb:08:f1
1707960189.1931005,4c:87:5d:cb:08:f1
1707960189.7418597,4c:87:5d:cb:08:f1
1707960190.2931173,4c:87:5d:cb:08:f1
1707960190.8443756,4c:87:5d:cb:08:f1
1707960191.3968835,4c:87:5d:cb:08:f1
1707960191.9493928,4c:87:5d:cb:08:f1
1707960192.5031521,4c:87:5d:cb:08:f1
1707960193.0531614,4c:87:5d:cb:08:f1
1707960193.60317,4c:87:5d:cb:08:f1
1707960194.156928,4c:87:5d:cb:08:f1
1707960194.7106867,4c:87:5d:cb:08:f1
1707960195.265696,4c:87:5d:cb:08:f1
1707960195.8182056,4c:87:5d:cb:08:f1
1707960196.373215,4c:87:5d:cb:08:f1
1707960196.9269743,4c:87:5d:cb:08:f1
1707960197.4819827,4c:87:5d:cb:08:f1
1707960198.031991,4c:87:5d:cb:08:f1
1707960198.5782495,4c:87:5d:cb:08:f1
1707960199.679517,4c:87:5d:cb:08:f1
1707960200.2345264,4c:87:5d:cb:08:f1
1707960200.789535,4c:87:5d:cb:08:f1
1707960201.3445444,4c:87:5d:cb:08:f1
1707960201.8970537,4c:87:5d:cb:08:f1
1707960202.4483128,4c:87:5d:cb:08:f1
1707960202.998322,4c:87:5d:cb:08:f1
1707960203.5495818,4c:87:5d:cb:08:f1
1707960204.1020906,4c:87:5d:cb:08:f1
1707960204.6570997,4c:87:5d:cb:08:f1
1707960205.7646189,4c:87:5d:cb:08:f1
1707960206.3133776,4c:87:5d:cb:08:f1
1707960206.865887,4c:87:5d:cb:08:f1
1707960207.4121478,4c:87:5d:cb:08:f1
1707960207.9659066,4c:87:5d:cb:08:f1
1707960208.5196662,4c:87:5d:cb:08:f1
1707960209.0746753,4c:87:5d:cb:08:f1
1707960209.629684,4c:87:5d:cb:08:f1
1707960210.1821926,4c:87:5d:cb:08:f1
1707960210.7334511,4c:87:5d:cb:08:f1
1707960211.2872107,4c:87:5d:cb:08:f1
1707960211.8359694,4c:87:5d:cb:08:f1
1707960212.388478,4c:87:5d:cb:08:f1
1707960212.9359887,4c:87:5d:cb:08:f1
1707960213.4909973,4c:87:5d:cb:08:f1
1707960214.0460052,4c:87:5d:cb:08:f1
1707960214.5972636,4c:87:5d:cb:08:f1
1707960215.143522,4c:87:5d:cb:08:f1
1707960215.69478,4c:87:5d:cb:08:f1
1707960216.2410395,4c:87:5d:cb:08:f1
1707960216.7885485,4c:87:5d:cb:08:f1
1707960217.3348076,4c:87:5d:cb:08:f1
1707960217.8885665,4c:87:5d:cb:08:f1
1707960218.437327,4c:87:5d:cb:08:f1
1707960218.991085,4c:87:5d:cb:08:f1
1707960219.5460942,4c:87:5d:cb:08:f1
1707960220.1011016,4c:87:5d:cb:08:f1
1707960220.6498609,4c:87:5d:cb:08:f1
1707960221.1998694,4c:87:5d:cb:08:f1
1707960221.746129,4c:87:5d:cb:08:f1
1707960222.2986376,4c:87:5d:cb:08:f1
1707960222.8486457,4c:87:5d:cb:08:f1
1707960223.3974044,4c:87:5d:cb:08:f1
1707960223.946162,4c:87:5d:cb:08:f1
1707960224.4949207,4c:87:5d:cb:08:f1
1707960225.0461795,4c:87:5d:cb:08:f1
1707960225.5936873,4c:87:5d:cb:08:f1
1707960226.143695,4c:87:5d:cb:08:f1
1707960226.6912034,4c:87:5d:cb:08:f1
1707960227.7924716,4c:87:5d:cb:08:f1
1707960228.8924909,4c:87:5d:cb:08:f1
1707960229.4437504,4c:87:5d:cb:08:f1
1707960229.9950094,4c:87:5d:cb:08:f1
1707960230.541268,4c:87:5d:cb:08:f1
1707960231.0925272,4c:87:5d:cb:08:f1
1707960232.752555,4c:87:5d:cb:08:f1
1707960233.3013134,4c:87:5d:cb:08:f1
1707960233.852573,4c:87:5d:cb:08:f1
1707960234.406332,4c:87:5d:cb:08:f1
1707960234.9525902,4c:87:5d:cb:08:f1
1707960235.498848,4c:87:5d:cb:08:f1
1707960236.048857,4c:87:5d:cb:08:f1
1707960236.5951173,4c:87:5d:cb:08:f1
1707960237.1463761,4c:87:5d:cb:08:f1
1707960237.700135,4c:87:5d:cb:08:f1
1707960238.2488935,4c:87:5d:cb:08:f1
1707960238.7989025,4c:87:5d:cb:08:f1
1707960239.352662,4c:87:5d:cb:08:f1
1707960239.901421,4c:87:5d:cb:08:f1
1707960240.4476795,4c:87:5d:cb:08:f1
1707960240.9939377,4c:87:5d:cb:08:f1
1707960241.548946,4c:87:5d:cb:08:f1
1707960242.0010514,3f:57:9b:66:55:2d
1707960242.0989542,4c:87:5d:cb:08:f1
1707960242.6514626,4c:87:5d:cb:08:f1
1707960243.2002208,4c:87:5d:cb:08:f1
1707960243.3743901,77:09:24:f4:a5:22
1707960243.7552302,4c:87:5d:cb:08:f1
1707960244.302739,4c:87:5d:cb:08:f1
1707960244.8577483,4c:87:5d:cb:08:f1
1707960245.4115083,4c:87:5d:cb:08:f1
1707960245.9627674,4c:87:5d:cb:08:f1
1707960246.5102763,4c:87:5d:cb:08:f1
1707960247.0627851,4c:87:5d:cb:08:f1
1707960247.615295,4c:87:5d:cb:08:f1
1707960248.162804,4c:87:5d:cb:08:f1
1707960248.7178128,4c:87:5d:cb:08:f1
1707960249.2678213,4c:87:5d:cb:08:f1
1707960249.814081,4c:87:5d:cb:08:f1
1707960250.3678403,4c:87:5d:cb:08:f1
1707960250.9215982,4c:87:5d:cb:08:f1
1707960251.4703574,4c:87:5d:cb:08:f1
1707960252.0203671,4c:87:5d:cb:08:f1
1707960252.569126,4c:87:5d:cb:08:f1
1707960253.1153848,4c:87:5d:cb:08:f1
1707960253.6653929,4c:87:5d:cb:08:f1
1707960254.2191517,4c:87:5d:cb:08:f1
1707960254.7691617,4c:87:5d:cb:08:f1
1707960255.317921,4c:87:5d:cb:08:f1
1707960255.8704295,4c:87:5d:cb:08:f1
1707960256.9779475,4c:87:5d:cb:08:f1
1707960257.5242074,4c:87:5d:cb:08:f1
1707960258.0729656,4c:87:5d:cb:08:f1
1707960258.6204758,4c:87:5d:cb:08:f1
1707960259.170485,4c:87:5d:cb:08:f1
1707960259.7192433,4c:87:5d:cb:08:f1
1707960260.2717533,4c:87:5d:cb:08:f1
1707960260.8205109,4c:87:5d:cb:08:f1
1707960261.3705199,4c:87:5d:cb:08:f1
1707960261.919279,4c:87:5d:cb:08:f1
1707960262.4742863,4c:87:5d:cb:08:f1
1707960263.025544,4c:87:5d:cb:08:f1
1707960263.5755515,4c:87:5d:cb:08:f1
1707960264.1268103,4c:87:5d:cb:08:f1
1707960264.67307,4c:87:5d:cb:08:f1
1707960265.7680888,4c:87:5d:cb:08:f1
1707960266.3230972,4c:87:5d:cb:08:f1
1707960266.873106,4c:87:5d:cb:08:f1
